run_id,model,total_neurons,trainable_params,loss,val_loss,train_time,model_file,training_memory_usage,hyperparameters
20250920_070828_032711_tybtk9_2407630,1DCNN_V1,298235525,298235525,[0.1786070317029953],[],39.43264627456665,,"{'max_cuda_memory': 4772188672.0, 'max_cpu_memory': 92.0, 'total_cuda_memory': 3894498304.0, 'total_cpu_memory': 88.0, 'total_cpu_time': 2134501.25, 'total_gpu_time': 1734599.25, 'flops': 0.0}","{""learning_rate"": 0.01, ""batch_size"": 64, ""epochs"": 1, ""patience"": 2, ""lag"": 8, ""horizon"": 1}"
20250920_074023_476222_j3uvcx_2420731,1DCNN_V1,298235525,298235525,[0.18178770715190518],[],38.31501865386963,,"{'max_cuda_memory': 4772188672.0, 'max_cpu_memory': 92.0, 'total_cuda_memory': 3894498304.0, 'total_cpu_memory': 88.0, 'total_cpu_time': 1341706.75, 'total_gpu_time': 570348.4375, 'flops': 0.0}","{""learning_rate"": 0.01, ""batch_size"": 64, ""epochs"": 1, ""patience"": 2, ""lag"": 8, ""horizon"": 1}"
20250920_074446_190730_41p3tz_2423000,PICNN1D_V1,298235525,298235525,[0.2020339003350722],[],44.85069131851196,/data/carlisle/out/runs/PICNN1D_V1/20250920_074446_190730_41p3tz_2423000/PICNN1D_V1_20250920_074446_190730_41p3tz_2423000.pth,"{'max_cuda_memory': 4772299776.0, 'max_cpu_memory': 92.0, 'total_cuda_memory': 4192304640.0, 'total_cpu_memory': 88.0, 'total_cpu_time': 2630215.25, 'total_gpu_time': 1674394.125, 'flops': 0.0}","{""learning_rate"": 0.01, ""batch_size"": 64, ""epochs"": 1, ""patience"": 2, ""lag"": 8, ""horizon"": 1, ""physics_weight"": 0.5}"
20250921_094422_034698_wsg3pw_2476281,USSR_CNN1D_COMBINED,2409724,1934591,,,16755.1568672657,,"{'max_cpu_memory': 1276.32421875, 'total_cpu_time': 76631649.765, 'total_gpu_time': 2981139.6328125, 'max_cuda_memory': 321683456.0, 'total_cpu_memory': 0, 'total_gpu_memory': 0}",
20250921_095155_148856_gczm80_2480041,USSR_CNN1D_COMBINED,2409724,1934591,,,16755.1568672657,,"{'max_cpu_memory': 1276.32421875, 'total_cpu_time': 76631649.765, 'total_gpu_time': 2981139.6328125, 'max_cuda_memory': 321683456.0, 'total_cpu_memory': 0, 'total_gpu_memory': 0}",
20250921_095936_393669_34a38q_2484190,HDL_FM_V1,574729960,574729960,"[0.08851591281891438, 0.009058794523020566, 0.005380206727173947, 0.004163176562452248, 0.003694023952538588, 0.0026014684681702435, 0.002507507536233268, 0.00224875949566672, 0.002041670978993519, 0.0018351602686643743, 0.0017639503133117101, 0.001728197467292993, 0.0021906862666791318, 0.0013747858972189136, 0.0012930184105084143, 0.0014795480726574697, 0.0012228428110665152, 0.001245214835783282, 0.001315082636668937, 0.0011566757719487463, 0.0011324668543072033, 0.0012799527589187297, 0.001031323378942978, 0.0011109742443725992, 0.0009961540696125848, 0.0010870525141100876, 0.0009142748889547083, 0.000996234423288976, 0.0009144676220736587, 0.0008961678919593896, 0.0008921769453401016, 0.0009706484130317103, 0.000824141436308011, 0.0007586043702619762, 0.0007803439749635841, 0.0007410837523550335, 0.0008132230516661754, 0.0007232762245551989, 0.0006136906246400531, 0.0007732619181762357, 0.0006219157496980882, 0.0006363082164809648, 0.0006585884310539727, 0.0006528438461272629, 0.0005937722331190212, 0.0007684286624923675, 0.0006181293747917471, 0.0006631197111693545, 0.0005917837461172284, 0.0005137346597621217]",[],6490.900199890137,,"{'max_cuda_memory': 6899591168.0, 'max_cpu_memory': 52.0, 'total_cuda_memory': 6954698752.0, 'total_cpu_memory': 48.0, 'total_cpu_time': 2430092.0, 'total_gpu_time': 1452268.625, 'flops': 0.0}","{""learning_rate"": 0.001, ""batch_size"": 8, ""epochs"": 50, ""patience"": 2, ""lag"": 1, ""horizon"": 1}"
20251001_160654_533844_dh2dcd_418446,1DCNN_V1,298235525,298235525,[0.15322537188019072],[],60.06001043319702,,"{'max_cuda_memory': 4771983872.0, 'max_cpu_memory': 92.0, 'total_cuda_memory': 3745455104.0, 'total_cpu_memory': 88.0, 'total_cpu_time': 2604996.5, 'total_gpu_time': 1898912.75, 'flops': 0.0}","{""learning_rate"": 0.01, ""batch_size"": 32, ""epochs"": 1, ""patience"": 2, ""lag"": 8, ""horizon"": 1}"
20251001_173140_139362_zp3hpo_468111,PICNN1D_V1,298235525,298235525,[0.2021759792014947],[],54.12713575363159,/data/carlisle/out/runs/PICNN1D_V1/20251001_173140_139362_zp3hpo_468111/PICNN1D_V1_20251001_173140_139362_zp3hpo_468111.pth,"{'max_cuda_memory': 4772299776.0, 'max_cpu_memory': 92.0, 'total_cuda_memory': 4192304640.0, 'total_cpu_memory': 88.0, 'total_cpu_time': 3276415.0, 'total_gpu_time': 2016586.0, 'flops': 0.0}","{""learning_rate"": 0.01, ""batch_size"": 64, ""epochs"": 1, ""patience"": 2, ""lag"": 8, ""horizon"": 1, ""physics_weight"": 0.5}"
20251001_223718_322115_186gp2_488004,USSR_CNN1D_COMBINED,2409724,1934591,,,16755.1568672657,,"{'max_cpu_memory': np.float64(1276.32421875), 'total_cpu_time': np.float64(76631649.765), 'total_gpu_time': np.float64(2981139.6328125), 'max_cuda_memory': 321683456.0, 'total_cpu_memory': 0, 'total_gpu_memory': 0}",
20251001_225514_395840_6qva05_492506,HDL_FM_V1,574729960,574729960,"[0.13106645356316318, 0.006433849149198762, 0.003956539280897447, 0.002406416300467379, 0.0020527276301575215, 0.0017559922507782786, 0.0018781225851520129, 0.0014943010144856338, 0.0014226185004600103, 0.0014131134582544811, 0.0013262411510173715, 0.0013373852315321493, 0.001205078701405139, 0.0010482589570931621, 0.0010786676216863436, 0.001168678077768698, 0.0009405177013498895, 0.0010788930540696455, 0.0009636505014167118, 0.0009187127935401527, 0.0008362990963754408, 0.0008663795710690604, 0.003391694270304532, 0.0010950944838753922, 0.0008650873175632024, 0.0007694729134833213, 0.0007083492571504019, 0.0006776463171735563, 0.0006832790100913253, 0.0006684143046665411, 0.0006632070657610538, 0.0007386431157969308, 0.0006490800534606065, 0.0006375978797459121, 0.0006436275815696079, 0.0007025890231384888, 0.0006264156984291502, 0.0006189605053194322, 0.0005839759177787813, 0.0005638995963212756, 0.0005929925539424174, 0.0006878736113661985, 0.000572732062557115, 0.0006478282329510854, 0.0005728547558639881, 0.000556172628976753, 0.0005329908350551899, 0.0005172820554518333, 0.0005002584422135171, 0.0005232924849856005]",[],15168.5446434021,,"{'max_cuda_memory': 6899591168.0, 'max_cpu_memory': 52.0, 'total_cuda_memory': 6954698752.0, 'total_cpu_memory': 48.0, 'total_cpu_time': 2033647.625, 'total_gpu_time': 1185207.625, 'flops': 0.0}","{""learning_rate"": 0.001, ""batch_size"": 8, ""epochs"": 50, ""patience"": 2, ""lag"": 1, ""horizon"": 1}"
20251002_114141_755960_ag5qfn_1257988,1DCNN_V1,298235525,298235525,[0.1756380772398364],[],47.57568573951721,,"{'max_cuda_memory': 4772188672.0, 'max_cpu_memory': 92.0, 'total_cuda_memory': 3894498304.0, 'total_cpu_memory': 88.0, 'total_cpu_time': 1819402.75, 'total_gpu_time': 575947.0625, 'flops': 0.0}","{""learning_rate"": 0.01, ""batch_size"": 64, ""epochs"": 1, ""patience"": 2, ""lag"": 8, ""horizon"": 1}"
20251024_180458_634163_j8ep2o_1014547,USSR_CNN1D_COMBINED,2990124,1946715,,,16775.864458084106,,"{'max_cpu_memory': np.float64(1248.078125), 'total_cpu_time': np.float64(115206066.135), 'total_gpu_time': np.float64(3878093.31640625), 'max_cuda_memory': 321683456.0, 'total_cpu_memory': 0, 'total_gpu_memory': 0}",
20251024_180959_577258_htj3l9_1016652,USSR_CNN1D_COMBINED,2990124,1946715,,,16775.864458084106,,"{'max_cpu_memory': np.float64(1248.078125), 'total_cpu_time': np.float64(115206066.135), 'total_gpu_time': np.float64(3878093.31640625), 'max_cuda_memory': 321683456.0, 'total_cpu_memory': 0, 'total_gpu_memory': 0}",
20251026_091510_157463_mtyx4o_1363593,USSR_CNN1D_COMBINED,2990124,1946715,,,16793.4663438797,,"{'max_cpu_memory': np.float64(1248.078125), 'total_cpu_time': np.float64(120654914.885), 'total_gpu_time': np.float64(5486334.3984375), 'max_cuda_memory': 321683456.0, 'total_cpu_memory': 0, 'total_gpu_memory': 0}",
20251028_100147_263551_86g17i_4041318,USSR_CNN1D_COMBINED,2990124,1946715,,,29151.64196109772,,"{'max_cpu_memory': np.float64(1248.078125), 'total_cpu_time': np.float64(120087572.635), 'total_gpu_time': np.float64(5422622.5859375), 'max_cuda_memory': 322338816.0, 'total_cpu_memory': 0, 'total_gpu_memory': 0}",
20251028_120301_587543_jsz3xs_4158510,USSR_CNN1D_COMBINED,13330924,2153531,,,29137.887056350708,,"{'max_cpu_memory': np.float64(1248.078125), 'total_cpu_time': np.float64(117552006.76), 'total_gpu_time': np.float64(5198119.2890625), 'max_cuda_memory': 322338816.0, 'total_cpu_memory': 0, 'total_gpu_memory': 0}",
20251028_120439_496183_oz4x9j_4159185,USSR_CNN1D_COMBINED,13330924,2153531,,,29137.887056350708,,"{'max_cpu_memory': np.float64(1248.078125), 'total_cpu_time': np.float64(117552006.76), 'total_gpu_time': np.float64(5198119.2890625), 'max_cuda_memory': 322338816.0, 'total_cpu_memory': 0, 'total_gpu_memory': 0}",
20251028_121133_713039_dykrto_4161633,USSR_CNN1D_COMBINED,13330924,2153531,,,29137.887056350708,,"{'max_cpu_memory': np.float64(1248.078125), 'total_cpu_time': np.float64(117552006.76), 'total_gpu_time': np.float64(5198119.2890625), 'max_cuda_memory': 322338816.0, 'total_cpu_memory': 0, 'total_gpu_memory': 0}",
20251028_190808_708166_b97omw_1280625,USSR_CNN1D_COMBINED,4287948,1972619,,,29163.88491392136,,"{'max_cpu_memory': np.float64(1256.0546875), 'total_cpu_time': np.float64(111568672.695), 'total_gpu_time': np.float64(5821418.0546875), 'max_cuda_memory': 322338816.0, 'total_cpu_memory': 0, 'total_gpu_memory': 0}",
20251028_191210_533127_24jas7_1281742,USSR_CNN1D_COMBINED,4287948,1972619,,,29163.88491392136,,"{'max_cpu_memory': np.float64(1256.0546875), 'total_cpu_time': np.float64(111568672.695), 'total_gpu_time': np.float64(5821418.0546875), 'max_cuda_memory': 322338816.0, 'total_cpu_memory': 0, 'total_gpu_memory': 0}",
20251028_191420_417281_dpmwop_1282491,USSR_CNN1D_COMBINED,4287948,1972619,,,29163.88491392136,,"{'max_cpu_memory': np.float64(1256.0546875), 'total_cpu_time': np.float64(111568672.695), 'total_gpu_time': np.float64(5821418.0546875), 'max_cuda_memory': 322338816.0, 'total_cpu_memory': 0, 'total_gpu_memory': 0}",
20251028_191635_268058_djisav_1283115,USSR_CNN1D_COMBINED,4287948,1972619,,,29163.88491392136,,"{'max_cpu_memory': np.float64(1256.0546875), 'total_cpu_time': np.float64(111568672.695), 'total_gpu_time': np.float64(5821418.0546875), 'max_cuda_memory': 322338816.0, 'total_cpu_memory': 0, 'total_gpu_memory': 0}",
20251028_191720_566871_jgwk0h_1283420,USSR_CNN1D_COMBINED,4287948,1972619,,,29163.88491392136,,"{'max_cpu_memory': np.float64(1256.0546875), 'total_cpu_time': np.float64(111568672.695), 'total_gpu_time': np.float64(5821418.0546875), 'max_cuda_memory': 322338816.0, 'total_cpu_memory': 0, 'total_gpu_memory': 0}",
20251028_192155_567315_ctgei0_1284780,USSR_CNN1D_COMBINED,4287948,1972619,,,29163.88491392136,,"{'max_cpu_memory': np.float64(1256.0546875), 'total_cpu_time': np.float64(111568672.695), 'total_gpu_time': np.float64(5821418.0546875), 'max_cuda_memory': 322338816.0, 'total_cpu_memory': 0, 'total_gpu_memory': 0}",
20251029_121042_645117_yrchck_1361009,USSR_CNN1D_COMBINED,4287948,1972619,,,29163.88491392136,,"{'max_cpu_memory': np.float64(1256.0546875), 'total_cpu_time': np.float64(111568672.695), 'total_gpu_time': np.float64(5821418.0546875), 'max_cuda_memory': 322338816.0, 'total_cpu_memory': 0, 'total_gpu_memory': 0}",
20251102_100909_843986_xecffz_1763638,USSR_CNN1D_COMBINED,4287948,1972619,,,29163.88491392136,,"{'max_cpu_memory': np.float64(1256.0546875), 'total_cpu_time': np.float64(111568672.695), 'total_gpu_time': np.float64(5821418.0546875), 'max_cuda_memory': 322338816.0, 'total_cpu_memory': 0, 'total_gpu_memory': 0}",
20251102_101158_218562_mgqbh5_1764735,USSR_CNN1D_COMBINED,4287948,1972619,,,29163.88491392136,,"{'max_cpu_memory': np.float64(1256.0546875), 'total_cpu_time': np.float64(111568672.695), 'total_gpu_time': np.float64(5821418.0546875), 'max_cuda_memory': 322338816.0, 'total_cpu_memory': 0, 'total_gpu_memory': 0}",
20251103_084038_814547_pt2s1d_1835474,USSR_CNN1D_COMBINED,4287948,1972619,,,29163.88491392136,,"{'max_cpu_memory': np.float64(1256.0546875), 'total_cpu_time': np.float64(111568672.695), 'total_gpu_time': np.float64(5821418.0546875), 'max_cuda_memory': 322338816.0, 'total_cpu_memory': 0, 'total_gpu_memory': 0}",
20251103_084326_306568_cm58ww_1836923,USSR_CNN1D_COMBINED,4287948,1972619,,,29163.88491392136,,"{'max_cpu_memory': np.float64(1256.0546875), 'total_cpu_time': np.float64(111568672.695), 'total_gpu_time': np.float64(5821418.0546875), 'max_cuda_memory': 322338816.0, 'total_cpu_memory': 0, 'total_gpu_memory': 0}",
20251103_084401_145993_9jhpr0_1837228,USSR_CNN1D_COMBINED,4287948,1972619,,,29163.88491392136,,"{'max_cpu_memory': np.float64(1256.0546875), 'total_cpu_time': np.float64(111568672.695), 'total_gpu_time': np.float64(5821418.0546875), 'max_cuda_memory': 322338816.0, 'total_cpu_memory': 0, 'total_gpu_memory': 0}",
20251103_084643_430977_aqf2e1_1838383,USSR_CNN1D_COMBINED,4287948,1972619,,,29163.88491392136,,"{'max_cpu_memory': np.float64(1256.0546875), 'total_cpu_time': np.float64(111568672.695), 'total_gpu_time': np.float64(5821418.0546875), 'max_cuda_memory': 322338816.0, 'total_cpu_memory': 0, 'total_gpu_memory': 0}",
20251103_085037_361349_3wktep_1839717,USSR_CNN1D_COMBINED,4287948,1972619,,,29163.88491392136,,"{'max_cpu_memory': np.float64(1256.0546875), 'total_cpu_time': np.float64(111568672.695), 'total_gpu_time': np.float64(5821418.0546875), 'max_cuda_memory': 322338816.0, 'total_cpu_memory': 0, 'total_gpu_memory': 0}",
20251103_085540_260440_1a7m2c_1841994,USSR_CNN1D_COMBINED,4287948,1972619,,,29163.88491392136,,"{'max_cpu_memory': np.float64(1256.0546875), 'total_cpu_time': np.float64(111568672.695), 'total_gpu_time': np.float64(5821418.0546875), 'max_cuda_memory': 322338816.0, 'total_cpu_memory': 0, 'total_gpu_memory': 0}",
20251103_090715_624522_xbx0j8_1845478,USSR_CNN1D_COMBINED,4287948,1972619,,,29163.88491392136,,"{'max_cpu_memory': np.float64(1256.0546875), 'total_cpu_time': np.float64(111568672.695), 'total_gpu_time': np.float64(5821418.0546875), 'max_cuda_memory': 322338816.0, 'total_cpu_memory': 0, 'total_gpu_memory': 0}",
20251103_090928_312967_dya3p1_1846705,USSR_CNN1D_COMBINED,4287948,1972619,,,29163.88491392136,,"{'max_cpu_memory': np.float64(1256.0546875), 'total_cpu_time': np.float64(111568672.695), 'total_gpu_time': np.float64(5821418.0546875), 'max_cuda_memory': 322338816.0, 'total_cpu_memory': 0, 'total_gpu_memory': 0}",
20251103_091131_761015_qk90hn_1847893,USSR_CNN1D_COMBINED,4287948,1972619,,,29163.88491392136,,"{'max_cpu_memory': np.float64(1256.0546875), 'total_cpu_time': np.float64(111568672.695), 'total_gpu_time': np.float64(5821418.0546875), 'max_cuda_memory': 322338816.0, 'total_cpu_memory': 0, 'total_gpu_memory': 0}",
20251103_091714_462626_f4rf90_1849835,USSR_CNN1D_COMBINED,4287948,1972619,,,29163.88491392136,,"{'max_cpu_memory': np.float64(1256.0546875), 'total_cpu_time': np.float64(111568672.695), 'total_gpu_time': np.float64(5821418.0546875), 'max_cuda_memory': 322338816.0, 'total_cpu_memory': 0, 'total_gpu_memory': 0}",
20251103_092345_476988_t1n5rp_1852172,USSR_CNN1D_COMBINED,4287948,1972619,,,29163.88491392136,,"{'max_cpu_memory': np.float64(1256.0546875), 'total_cpu_time': np.float64(111568672.695), 'total_gpu_time': np.float64(5821418.0546875), 'max_cuda_memory': 322338816.0, 'total_cpu_memory': 0, 'total_gpu_memory': 0}",
20251103_093156_617770_iyexk7_1855567,USSR_CNN1D_COMBINED,4287948,1972619,,,29163.88491392136,,"{'max_cpu_memory': np.float64(1256.0546875), 'total_cpu_time': np.float64(111568672.695), 'total_gpu_time': np.float64(5821418.0546875), 'max_cuda_memory': 322338816.0, 'total_cpu_memory': 0, 'total_gpu_memory': 0}",
20251103_093820_883594_wjr4nv_1858378,USSR_CNN1D_COMBINED,4287948,1972619,,,29163.88491392136,,"{'max_cpu_memory': np.float64(1256.0546875), 'total_cpu_time': np.float64(111568672.695), 'total_gpu_time': np.float64(5821418.0546875), 'max_cuda_memory': 322338816.0, 'total_cpu_memory': 0, 'total_gpu_memory': 0}",
20251103_094408_687739_tpcjhm_1861654,USSR_CNN1D_COMBINED,4287948,1972619,,,29163.88491392136,,"{'max_cpu_memory': np.float64(1256.0546875), 'total_cpu_time': np.float64(111568672.695), 'total_gpu_time': np.float64(5821418.0546875), 'max_cuda_memory': 322338816.0, 'total_cpu_memory': 0, 'total_gpu_memory': 0}",
20251103_112620_217090_sgttd8_1886774,USSR_CNN1D_COMBINED,4287948,1972619,,,29163.88491392136,,"{'max_cpu_memory': np.float64(1256.0546875), 'total_cpu_time': np.float64(111568672.695), 'total_gpu_time': np.float64(5821418.0546875), 'max_cuda_memory': 322338816.0, 'total_cpu_memory': 0, 'total_gpu_memory': 0}",
20251103_112929_657625_te1bjb_1888948,USSR_CNN1D_COMBINED,4287948,1972619,,,29163.88491392136,,"{'max_cpu_memory': np.float64(1256.0546875), 'total_cpu_time': np.float64(111568672.695), 'total_gpu_time': np.float64(5821418.0546875), 'max_cuda_memory': 322338816.0, 'total_cpu_memory': 0, 'total_gpu_memory': 0}",
20251103_113235_467341_7y9jjm_1891083,USSR_CNN1D_COMBINED,4287948,1972619,,,29163.88491392136,,"{'max_cpu_memory': np.float64(1256.0546875), 'total_cpu_time': np.float64(111568672.695), 'total_gpu_time': np.float64(5821418.0546875), 'max_cuda_memory': 322338816.0, 'total_cpu_memory': 0, 'total_gpu_memory': 0}",
20251124_142837_770773_gtpbqf_2372778,1DCNN_V1,298235525,298235525,[0.19262152886198414],[],45.53860354423523,,"{'max_cuda_memory': 4772188672.0, 'max_cpu_memory': 92.0, 'total_cuda_memory': 3894498304.0, 'total_cpu_memory': 88.0, 'total_cpu_time': 6453183.5, 'total_gpu_time': 684875.9375, 'flops': 114296291328.0}","{""learning_rate"": 0.01, ""batch_size"": 64, ""epochs"": 1, ""patience"": 2, ""lag"": 8, ""horizon"": 1}"
20251124_143929_332919_zo4i97_2375988,1DCNN_V1,298235525,298235525,"[0.1920079622537859, 0.07044958599632786, 0.08616869752445529, 0.06380762892865366, 0.08130522216520002, 0.08997696842397412, 0.0814110229332601, 0.09037132152626591, 0.09163336816333956, 0.07111150603140554, 0.07488686519284402, 0.10005459658080532, 0.07170324345990535, 0.07507471331665592, 0.08685127585645645, 0.0756093999070506, 0.07584283801336442, 0.06254446386329589, 0.08362601060540445, 0.07206749904059595]",[],836.8798563480377,,"{'max_cuda_memory': 4772188672.0, 'max_cpu_memory': 92.0, 'total_cuda_memory': 3894498304.0, 'total_cpu_memory': 88.0, 'total_cpu_time': 1723987.75, 'total_gpu_time': 572638.875, 'flops': 114296291328.0}","{""learning_rate"": 0.01, ""batch_size"": 64, ""epochs"": 20, ""patience"": 2, ""lag"": 8, ""horizon"": 1}"
20251124_145842_362664_mgriia_2382592,PICNN1D_V1,298235525,298235525,"[0.22158248545102982, 0.11849987169327672, 0.13016857815341779, 0.11806188038727065, 0.11797755007317433, 0.11705014162312766, 0.11803245490039962, 0.11917465172152193, 0.10917218083305218, 0.11685978132237246, 0.11170514344860372, 0.1141313259957629, 0.1103854840588748, 0.11411292212097097, 0.11280552076099981, 0.11498411285859737, 0.1060010010366983, 0.1121607982737582, 0.11183713660222298, 0.10618844696449467]",[],847.5562791824341,/data/carlisle/out/runs/PICNN1D_V1/20251124_145842_362664_mgriia_2382592/PICNN1D_V1_20251124_145842_362664_mgriia_2382592.pth,"{'max_cuda_memory': 4772299264.0, 'max_cpu_memory': 92.0, 'total_cuda_memory': 4192304640.0, 'total_cpu_memory': 88.0, 'total_cpu_time': 2120434.5, 'total_gpu_time': 590950.0, 'flops': 0.0}","{""learning_rate"": 0.01, ""batch_size"": 64, ""epochs"": 20, ""patience"": 2, ""lag"": 8, ""horizon"": 1, ""physics_weight"": 0.5}"
20251124_164220_293326_g4zvz0_2401017,1DCNN_V1,298235525,298235525,"[0.1908859364207714, 0.06677220221008023, 0.0822489932179451, 0.059441230950816985, 0.08019275975323492, 0.09290329174649331, 0.08179288645905833, 0.09070631993874427, 0.09115075608414988, 0.07158513162885943]",[],422.3223056793213,,"{'max_cuda_memory': 4772188672.0, 'max_cpu_memory': 92.0, 'total_cuda_memory': 3894498304.0, 'total_cpu_memory': 88.0, 'total_cpu_time': 1679054.625, 'total_gpu_time': 572280.5625, 'flops': 114296291328.0}","{""learning_rate"": 0.01, ""batch_size"": 64, ""epochs"": 10, ""patience"": 2, ""lag"": 8, ""horizon"": 1}"
20251125_105648_938037_v9r9uu_2466620,PICNN1D_V1,298235525,298235525,"[0.22484660276564822, 0.11698278961658155, 0.12897475830184985, 0.12059867451746313, 0.11381616443686708, 0.11764043746589407, 0.11463658959308655, 0.11780508225297949, 0.11690608928088052, 0.1117458913686931]",[],425.44871044158936,/data/carlisle/out/runs/PICNN1D_V1/20251125_105648_938037_v9r9uu_2466620/PICNN1D_V1_20251125_105648_938037_v9r9uu_2466620.pth,"{'max_cuda_memory': 4772299264.0, 'max_cpu_memory': 92.0, 'total_cuda_memory': 4192304640.0, 'total_cpu_memory': 88.0, 'total_cpu_time': 2500935.0, 'total_gpu_time': 604366.375, 'flops': 0.0}","{""learning_rate"": 0.01, ""batch_size"": 64, ""epochs"": 10, ""patience"": 2, ""lag"": 8, ""horizon"": 1, ""physics_weight"": 0.5}"
20251125_123333_730479_jm6w8s_9377,PICNN1D_V1,298235525,298235525,"[0.2327336999734184, 0.07081366921961815, 0.08973005193472347, 0.09438281082808371, 0.08347418806175179, 0.1035373227192654, 0.09164010667854848, 0.13964810270223305, 0.07153577802509652, 0.07125696731798602]",[],214.35896253585813,/data/carlisle/out/runs/PICNN1D_V1/20251125_123333_730479_jm6w8s_9377/PICNN1D_V1_20251125_123333_730479_jm6w8s_9377.pth,"{'max_cuda_memory': 4772299264.0, 'max_cpu_memory': 88.0, 'total_cuda_memory': 4241544704.0, 'total_cpu_memory': 88.0, 'total_cpu_time': 5276662.5, 'total_gpu_time': 254470.703125, 'flops': 0.0}","{""learning_rate"": 0.01, ""batch_size"": 64, ""epochs"": 10, ""patience"": 2, ""lag"": 8, ""horizon"": 1, ""physics_weight"": 1.0}"
20251125_124127_983691_lk9obs_15223,1DCNN_V1,298235525,298235525,"[0.19131065664752836, 0.07373138421004818, 0.08999624944502307, 0.06275734101091662, 0.08552388390225749, 0.08910400336307864, 0.08263249058396585, 0.09506049367689318, 0.09555321895787793, 0.07141988568248288]",[],212.157621383667,,"{'max_cuda_memory': 4772188672.0, 'max_cpu_memory': 88.0, 'total_cuda_memory': 3943738368.0, 'total_cpu_memory': 88.0, 'total_cpu_time': 755524.25, 'total_gpu_time': 156719.53125, 'flops': 114296291328.0}","{""learning_rate"": 0.01, ""batch_size"": 64, ""epochs"": 10, ""patience"": 2, ""lag"": 8, ""horizon"": 1}"
20251125_145352_700192_45sg30_38540,PICNN1D_V1,298235525,298235525,"[0.24127229702153571, 0.0893727739717649, 0.11497988392020941, 0.1214840895480165, 0.08938827603007975, 0.08560038596970496, 0.1313848766795901, 0.1382414329449554, 0.11486052590597451, 0.08962146742950454]",[],213.32861232757568,/data/carlisle/out/runs/PICNN1D_V1/20251125_145352_700192_45sg30_38540/PICNN1D_V1_20251125_145352_700192_45sg30_38540.pth,"{'max_cuda_memory': 4772299264.0, 'max_cpu_memory': 92.0, 'total_cuda_memory': 4241544704.0, 'total_cpu_memory': 88.0, 'total_cpu_time': 847085.9375, 'total_gpu_time': 160057.9375, 'flops': 0.0}","{""learning_rate"": 0.01, ""batch_size"": 64, ""epochs"": 10, ""patience"": 2, ""lag"": 8, ""horizon"": 1, ""physics_weight"": 1.0}"
20251125_150031_294042_sq9098_43491,PICNN1D_V1,298235525,298235525,"[0.1701868688517843, 0.14183388769720184, 0.1545631704004422, 0.11599575320210288, 0.15066806612180356, 0.12255041416256353, 0.13628314845083397, 0.12729241089751833, 0.11921995697017214, 0.09309634386848827]",[],221.96472787857056,/data/carlisle/out/runs/PICNN1D_V1/20251125_150031_294042_sq9098_43491/PICNN1D_V1_20251125_150031_294042_sq9098_43491.pth,"{'max_cuda_memory': 4772044800.0, 'max_cpu_memory': 88.0, 'total_cuda_memory': 3943453696.0, 'total_cpu_memory': 88.0, 'total_cpu_time': 854238.3125, 'total_gpu_time': 153377.796875, 'flops': 0.0}","{""learning_rate"": 0.01, ""batch_size"": 32, ""epochs"": 10, ""patience"": 2, ""lag"": 8, ""horizon"": 1, ""physics_weight"": 1.0}"
20251125_150657_041817_d5hjeh_48092,PICNN1D_V1,298235525,298235525,"[0.22324296933376142, 0.178905031801288, 0.22079989399948122, 0.11217544688261578, 0.14523867220889838, 0.13929855792058893, 0.1472722140167657, 0.12446603703518133, 0.1593591281911077, 0.11710691999979939]",[],219.2922515869141,/data/carlisle/out/runs/PICNN1D_V1/20251125_150657_041817_d5hjeh_48092/PICNN1D_V1_20251125_150657_041817_d5hjeh_48092.pth,"{'max_cuda_memory': 4772044800.0, 'max_cpu_memory': 76.0, 'total_cuda_memory': 3943453696.0, 'total_cpu_memory': 88.0, 'total_cpu_time': 858994.9375, 'total_gpu_time': 153804.75, 'flops': 0.0}","{""learning_rate"": 0.01, ""batch_size"": 32, ""epochs"": 10, ""patience"": 2, ""lag"": 8, ""horizon"": 1, ""physics_weight"": 2.0}"
20251125_151857_110308_xw6ll9_55241,PICNN1D_V1,298235525,298235525,"[0.16761165556546181, 0.1324026962449162, 0.13913106196036568, 0.12877681460196172, 0.12950250258790844, 0.1341927231684863, 0.13401177897644184, 0.1117620127926364, 0.10552976975074604, 0.10510425027046602]",[],221.42891788482663,/data/carlisle/out/runs/PICNN1D_V1/20251125_151857_110308_xw6ll9_55241/PICNN1D_V1_20251125_151857_110308_xw6ll9_55241.pth,"{'max_cuda_memory': 4772044800.0, 'max_cpu_memory': 72.0, 'total_cuda_memory': 3943453696.0, 'total_cpu_memory': 88.0, 'total_cpu_time': 857835.125, 'total_gpu_time': 154036.640625, 'flops': 0.0}","{""learning_rate"": 0.01, ""batch_size"": 32, ""epochs"": 10, ""patience"": 2, ""lag"": 8, ""horizon"": 1, ""physics_weight"": 1.0}"
20251125_182657_735473_krahqx_91522,1DCNN_V1,298235525,298235525,"[0.1900412059359012, 0.07032790876203968, 0.08598828952639334, 0.0650098750427846, 0.07887491655926551, 0.09476198472322957, 0.08290796354413033, 0.08877721681229529, 0.09854275312635206, 0.07089182265823887]",[],213.8263840675354,,"{'max_cuda_memory': 4772188672.0, 'max_cpu_memory': 88.0, 'total_cuda_memory': 3943738368.0, 'total_cpu_memory': 88.0, 'total_cpu_time': 761063.5625, 'total_gpu_time': 157493.765625, 'flops': 114296291328.0}","{""learning_rate"": 0.01, ""batch_size"": 64, ""epochs"": 10, ""patience"": 2, ""lag"": 8, ""horizon"": 1}"
20251125_183555_046647_17vilr_97782,PICNN1D_V1,298235525,298235525,"[0.24864691378954643, 0.09513415922879291, 0.10727158529338644, 0.10589227390790458, 0.10533382396357703, 0.08415303834893424, 0.10282698088352264, 0.1220524714146106, 0.14415665476519343, 0.08384547134313332]",[],214.362907409668,/data/carlisle/out/runs/PICNN1D_V1/20251125_183555_046647_17vilr_97782/PICNN1D_V1_20251125_183555_046647_17vilr_97782.pth,"{'max_cuda_memory': 4772299264.0, 'max_cpu_memory': 88.0, 'total_cuda_memory': 4241544704.0, 'total_cpu_memory': 88.0, 'total_cpu_time': 860157.75, 'total_gpu_time': 159941.03125, 'flops': 0.0}","{""learning_rate"": 0.01, ""batch_size"": 64, ""epochs"": 10, ""patience"": 2, ""lag"": 8, ""horizon"": 1, ""physics_weight"": 1.0}"
20251125_184328_177054_akc65n_103337,PICNN1D_V1,298235525,298235525,"[0.22753297377704174, 0.1804645106177367, 0.154615461652286, 0.19002555180458822, 0.15125323428958903, 0.13990883210562038, 0.14664482520000177, 0.13349753330901856, 0.14719040970022443, 0.13051092402925998]",[],230.7114441394806,/data/carlisle/out/runs/PICNN1D_V1/20251125_184328_177054_akc65n_103337/PICNN1D_V1_20251125_184328_177054_akc65n_103337.pth,"{'max_cuda_memory': 4771917312.0, 'max_cpu_memory': 84.0, 'total_cuda_memory': 3796941312.0, 'total_cpu_memory': 88.0, 'total_cpu_time': 915667.75, 'total_gpu_time': 146296.875, 'flops': 0.0}","{""learning_rate"": 0.01, ""batch_size"": 16, ""epochs"": 10, ""patience"": 2, ""lag"": 8, ""horizon"": 1, ""physics_weight"": 1.0}"
20251125_184833_041554_j31oio_107235,PICNN1D_V1,298235525,298235525,"[0.17523188560728703, 0.1403048680783026, 0.16299090852081963, 0.12031890510076076]",[],88.96124053001404,/data/carlisle/out/runs/PICNN1D_V1/20251125_184833_041554_j31oio_107235/PICNN1D_V1_20251125_184833_041554_j31oio_107235.pth,"{'max_cuda_memory': 4772044800.0, 'max_cpu_memory': 84.0, 'total_cuda_memory': 3943453696.0, 'total_cpu_memory': 88.0, 'total_cpu_time': 863368.8125, 'total_gpu_time': 153603.640625, 'flops': 0.0}","{""learning_rate"": 0.01, ""batch_size"": 32, ""epochs"": 4, ""patience"": 2, ""lag"": 8, ""horizon"": 1, ""physics_weight"": 1.0}"
20251125_185141_613702_ts2r4s_109481,PICNN1D_V1,298235525,298235525,"[0.1658517801125477, 0.1729218746917214, 0.14887699221941303, 0.12380587127893908, 0.12667641043718622, 0.14324103388147572, 0.11602796307999144]",[],155.63375663757324,/data/carlisle/out/runs/PICNN1D_V1/20251125_185141_613702_ts2r4s_109481/PICNN1D_V1_20251125_185141_613702_ts2r4s_109481.pth,"{'max_cuda_memory': 4772044800.0, 'max_cpu_memory': 84.0, 'total_cuda_memory': 3943453696.0, 'total_cpu_memory': 88.0, 'total_cpu_time': 861854.125, 'total_gpu_time': 154200.84375, 'flops': 0.0}","{""learning_rate"": 0.01, ""batch_size"": 32, ""epochs"": 7, ""patience"": 2, ""lag"": 8, ""horizon"": 1, ""physics_weight"": 1.0}"
20251126_152919_880041_f006bo_182385,1DCNN_V1,298235525,298235525,"[0.19339989558342965, 0.08713613943226876, 0.0846989157219087, 0.07966382609259698, 0.07961325395491815, 0.08247714309442428, 0.07919566597669356, 0.07788356730053501, 0.07877723199705924, 0.08026128142110762]",[],217.0974476337433,,"{'max_cuda_memory': 4772188672.0, 'max_cpu_memory': 88.0, 'total_cuda_memory': 3943738368.0, 'total_cpu_memory': 88.0, 'total_cpu_time': 761443.4375, 'total_gpu_time': 156692.859375, 'flops': 114296291328.0}","{""learning_rate"": 0.01, ""batch_size"": 64, ""epochs"": 10, ""patience"": 2, ""lag"": 8, ""horizon"": 1}"
20251126_154128_025468_xmmo3p_189498,PICNN1D_V1,298235525,298235525,"[0.25065636567419625, 0.10736971438926883, 0.12981310358390982, 0.1282465419093296, 0.12731789239917057, 0.11255702033951134, 0.1392122723705759, 0.12594057761385594, 0.10960474077430063, 0.13168622143756908]",[],212.85297012329104,/data/carlisle/out/runs/PICNN1D_V1/20251126_154128_025468_xmmo3p_189498/PICNN1D_V1_20251126_154128_025468_xmmo3p_189498.pth,"{'max_cuda_memory': 4772299264.0, 'max_cpu_memory': 80.0, 'total_cuda_memory': 4241544704.0, 'total_cpu_memory': 88.0, 'total_cpu_time': 863595.4375, 'total_gpu_time': 160341.625, 'flops': 0.0}","{""learning_rate"": 0.01, ""batch_size"": 64, ""epochs"": 10, ""patience"": 2, ""lag"": 8, ""horizon"": 1, ""physics_weight"": 1.0}"
20251126_154741_835787_40olts_194097,1DCNN_V1,298235525,298235525,"[0.1867239185638966, 0.08745766551263871, 0.08744230818363928, 0.08135693195846773, 0.0793716401582764, 0.08222125446604144, 0.0796547832508241, 0.07970015644546478, 0.08179972020368423, 0.0771137782402577]",[],214.5682208538056,,"{'max_cuda_memory': 4772188672.0, 'max_cpu_memory': 88.0, 'total_cuda_memory': 3943738368.0, 'total_cpu_memory': 88.0, 'total_cpu_time': 864810.75, 'total_gpu_time': 160605.125, 'flops': 114296291328.0}","{""learning_rate"": 0.01, ""batch_size"": 64, ""epochs"": 10, ""patience"": 2, ""lag"": 8, ""horizon"": 1}"
20251127_094919_667291_zw5w6d_291909,1DCNN_V1,298235525,298235525,"[0.1921014284654971, 0.06269573888951732, 0.08296143600056248, 0.07563955240672635, 0.0778753642112978, 0.08282635228768472, 0.07377734612072667, 0.06862844514750666, 0.07589808635173305, 0.09743494384231106]",[],212.4534718990326,,"{'max_cuda_memory': 4772188672.0, 'max_cpu_memory': 84.0, 'total_cuda_memory': 3943738368.0, 'total_cpu_memory': 88.0, 'total_cpu_time': 767198.625, 'total_gpu_time': 157135.34375, 'flops': 114296291328.0}","{""learning_rate"": 0.01, ""batch_size"": 64, ""epochs"": 10, ""patience"": 2, ""lag"": 8, ""horizon"": 1}"
20251127_100908_473718_avq3f7_303043,1DCNN_V1,298235525,298235525,"[0.18704068444428906, 0.07206659752034372, 0.0875408984720707, 0.065001706202184, 0.08352735951062172, 0.09173358832636187, 0.08301708078192126, 0.09700096134216554, 0.10066930144544571, 0.07014426108329527]",[],212.50686883926392,,"{'max_cuda_memory': 4772188672.0, 'max_cpu_memory': 88.0, 'total_cuda_memory': 3943738368.0, 'total_cpu_memory': 88.0, 'total_cpu_time': 748537.0, 'total_gpu_time': 157356.03125, 'flops': 114296291328.0}","{""learning_rate"": 0.01, ""batch_size"": 64, ""epochs"": 10, ""patience"": 2, ""lag"": 8, ""horizon"": 1}"
20251127_101928_902207_qri3h8_309487,PICNN1D_V1,298235525,298235525,"[0.2491778737446391, 0.09129308467853985, 0.1107413191718748, 0.10549823312378313, 0.11833761935487855, 0.07945694953281371, 0.11185208333798967, 0.11415692767616614, 0.14351559739531863, 0.08689895320421186]",[],216.4539091587067,/data/carlisle/out/runs/PICNN1D_V1/20251127_101928_902207_qri3h8_309487/PICNN1D_V1_20251127_101928_902207_qri3h8_309487.pth,"{'max_cuda_memory': 4772299264.0, 'max_cpu_memory': 76.0, 'total_cuda_memory': 4241544704.0, 'total_cpu_memory': 88.0, 'total_cpu_time': 858213.5, 'total_gpu_time': 159651.265625, 'flops': 0.0}","{""learning_rate"": 0.01, ""batch_size"": 64, ""epochs"": 10, ""patience"": 2, ""lag"": 8, ""horizon"": 1, ""physics_weight"": 1.0}"
20251129_095839_883271_22sw0u_92794,1DCNN_V1,298235525,298235525,"[0.19903483686427917, 0.08529292972337815, 0.08582017126102601, 0.08080055071942267, 0.08045090578736798, 0.08307193772446725, 0.07873387971232014, 0.08017538463877093, 0.08104506723823086, 0.07945272374537683]",[],213.3457543849945,,"{'max_cuda_memory': 4772188672.0, 'max_cpu_memory': 92.0, 'total_cuda_memory': 3943738368.0, 'total_cpu_memory': 88.0, 'total_cpu_time': 3235559.5, 'total_gpu_time': 219116.71875, 'flops': 114296291328.0}","{""learning_rate"": 0.01, ""batch_size"": 64, ""epochs"": 10, ""patience"": 2, ""lag"": 8, ""horizon"": 1}"
20251129_101010_715831_mebklv_97979,1DCNN_V1,298235525,298235525,"[0.18973565582306154, 0.08982111213188018, 0.08921391180446071, 0.08213031640456568, 0.08145368399639283, 0.08494980272746855, 0.0788814302894377, 0.07851597943132924, 0.07908293232321739, 0.07902055654314256]",[],211.6207926273346,,"{'max_cuda_memory': 4772188672.0, 'max_cpu_memory': 84.0, 'total_cuda_memory': 3943738368.0, 'total_cpu_memory': 88.0, 'total_cpu_time': 836378.9375, 'total_gpu_time': 159127.421875, 'flops': 114296291328.0}","{""learning_rate"": 0.01, ""batch_size"": 64, ""epochs"": 10, ""patience"": 2, ""lag"": 8, ""horizon"": 1}"
20251130_095904_038939_ih6yt6_168685,1DCNN_V1,298235525,298235525,"[0.19035298545514384, 0.07185517624020576, 0.08244261253745325, 0.06330714410831852, 0.08288426817424836, 0.09114310590009536, 0.08023553533900168, 0.09423762223412914, 0.09706813589699807, 0.07028120371603197]",[],213.1344301700592,,"{'max_cuda_memory': 4772188672.0, 'max_cpu_memory': 84.0, 'total_cuda_memory': 3943738368.0, 'total_cpu_memory': 88.0, 'total_cpu_time': 747543.75, 'total_gpu_time': 156756.765625, 'flops': 114296291328.0}","{""learning_rate"": 0.01, ""batch_size"": 64, ""epochs"": 10, ""patience"": 2, ""lag"": 8, ""horizon"": 1}"
20251130_101231_361548_adl47f_177038,PICNN1D_V1,298235525,298235525,"[0.24148767303822075, 0.10637511751939088, 0.14449794282954748, 0.1241907712736853, 0.1351876824121827, 0.13148935808387713, 0.12366135678080142, 0.13437641025068955, 0.11732567665862664, 0.12355058474794481]",[],213.15951442718503,/data/carlisle/out/runs/PICNN1D_V1/20251130_101231_361548_adl47f_177038/PICNN1D_V1_20251130_101231_361548_adl47f_177038.pth,"{'max_cuda_memory': 4772299264.0, 'max_cpu_memory': 88.0, 'total_cuda_memory': 4241544704.0, 'total_cpu_memory': 88.0, 'total_cpu_time': 959843.9375, 'total_gpu_time': 159751.3125, 'flops': 0.0}","{""learning_rate"": 0.01, ""batch_size"": 64, ""epochs"": 10, ""patience"": 2, ""lag"": 8, ""horizon"": 1, ""physics_weight"": 1.0}"
20251130_103522_219947_g1w104_189599,PICNN1D_V1,298235525,298235525,"[0.24930740797681025, 0.09071570325753328, 0.10897639812733617, 0.1277650903491789, 0.09624774973521615, 0.09003925132111404, 0.11263541212123168, 0.11441785399799553, 0.14130382302112024, 0.10763263448227373]",[],214.1836941242218,/data/carlisle/out/runs/PICNN1D_V1/20251130_103522_219947_g1w104_189599/PICNN1D_V1_20251130_103522_219947_g1w104_189599.pth,"{'max_cuda_memory': 4772299264.0, 'max_cpu_memory': 92.0, 'total_cuda_memory': 4241544704.0, 'total_cpu_memory': 88.0, 'total_cpu_time': 848038.25, 'total_gpu_time': 159578.15625, 'flops': 0.0}","{""learning_rate"": 0.01, ""batch_size"": 64, ""epochs"": 10, ""patience"": 2, ""lag"": 8, ""horizon"": 1, ""physics_weight"": 1.0}"
20251130_104158_090182_7ddys5_194335,PICNN1D_V1,298235525,298235525,"[0.5763276852678899, 0.12709319082795198, 0.08309260638714855, 0.0731122024045786, 0.06779623901936652, 0.06734284255835296, 0.061832214633928614, 0.059633295761018695, 0.05344562658628321, 0.05344237895906724]",[],213.7245483398437,/data/carlisle/out/runs/PICNN1D_V1/20251130_104158_090182_7ddys5_194335/PICNN1D_V1_20251130_104158_090182_7ddys5_194335.pth,"{'max_cuda_memory': 4772299264.0, 'max_cpu_memory': 88.0, 'total_cuda_memory': 4241544704.0, 'total_cpu_memory': 88.0, 'total_cpu_time': 850332.625, 'total_gpu_time': 159738.96875, 'flops': 0.0}","{""learning_rate"": 0.001, ""batch_size"": 64, ""epochs"": 10, ""patience"": 2, ""lag"": 8, ""horizon"": 1, ""physics_weight"": 1.0}"
20251201_162209_638446_in35h6_444260,1DCNN_V1,298235525,298235525,"[0.18537529894421179, 0.07293442925137858, 0.08706414651486181, 0.06540476674995115, 0.08287471869299488, 0.09179748114078276, 0.08132008679451481]",[],149.4887444972992,,"{'max_cuda_memory': 4772188672.0, 'max_cpu_memory': 88.0, 'total_cuda_memory': 3943738368.0, 'total_cpu_memory': 88.0, 'total_cpu_time': 751569.9375, 'total_gpu_time': 156780.921875, 'flops': 114296291328.0}","{""learning_rate"": 0.01, ""batch_size"": 64, ""epochs"": 7, ""patience"": 2, ""lag"": 8, ""horizon"": 1}"
20251201_172427_031808_2lcnfr_477292,1DCNN_V1,298235525,298235525,"[0.4971736885847584, 0.09167761295553177, 0.07043313030754367, 0.0626463838402302, 0.053067768172871684, 0.0583623388121205, 0.048809428969698566, 0.04916604133623262, 0.04317876924910853, 0.042227152855165546]",[],213.2104573249817,,"{'max_cuda_memory': 4772188672.0, 'max_cpu_memory': 92.0, 'total_cuda_memory': 3943738368.0, 'total_cpu_memory': 88.0, 'total_cpu_time': 750098.875, 'total_gpu_time': 157149.0, 'flops': 114296291328.0}","{""learning_rate"": 0.001, ""batch_size"": 64, ""epochs"": 10, ""patience"": 2, ""lag"": 8, ""horizon"": 1}"
20251210_155009_533575_65dqtk_282423,1DCNN_V1,298235525,298235525,"[0.4953727044405476, 0.09852525003014072, 0.07428255016284604, 0.06438868108295626, 0.05375021203391014, 0.05862907127987954, 0.04915644420731452, 0.049003249514968164, 0.043339566718186104, 0.04140783461832231]",[],212.18428421020508,,"{'max_cuda_memory': 4772188672.0, 'max_cpu_memory': 84.0, 'total_cuda_memory': 3943738368.0, 'total_cpu_memory': 88.0, 'total_cpu_time': 765250.75, 'total_gpu_time': 157602.734375, 'flops': 114296291328.0}","{""learning_rate"": 0.001, ""batch_size"": 64, ""epochs"": 10, ""patience"": 2, ""lag"": 8, ""horizon"": 1}"
20251210_155850_249531_zfrxi1_288594,PICNN1D_V1,298235525,298235525,"[0.5565977842604373, 0.11885173241216128, 0.08176297438274781, 0.07404857224365619, 0.06806472721345108, 0.06871034511554307, 0.06256759164816965, 0.05981326796272403, 0.05451177516501472, 0.054576326632486384]",[],215.10024738311768,/data/carlisle/out/runs/PICNN1D_V1/20251210_155850_249531_zfrxi1_288594/PICNN1D_V1_20251210_155850_249531_zfrxi1_288594.pth,"{'max_cuda_memory': 4772299264.0, 'max_cpu_memory': 92.0, 'total_cuda_memory': 4241544704.0, 'total_cpu_memory': 88.0, 'total_cpu_time': 869762.9375, 'total_gpu_time': 160392.875, 'flops': 0.0}","{""learning_rate"": 0.001, ""batch_size"": 64, ""epochs"": 10, ""patience"": 2, ""lag"": 8, ""horizon"": 1, ""physics_weight"": 1.0}"
20251210_160502_580077_01kbne_293156,PICNN1D_V1,298235525,298235525,"[0.5651747580006339, 0.12278833235539098, 0.08201509382970225, 0.07413760482864112, 0.06798504622328946, 0.06677897618154446, 0.061662780549026706, 0.05918557525401021, 0.05347929271172483, 0.05330107665857485, 0.05059896196908512, 0.05087476115784177, 0.04569788558227438, 0.04420887186526044, 0.04541265705438893]",[],320.0595462322235,/data/carlisle/out/runs/PICNN1D_V1/20251210_160502_580077_01kbne_293156/PICNN1D_V1_20251210_160502_580077_01kbne_293156.pth,"{'max_cuda_memory': 4772299264.0, 'max_cpu_memory': 80.0, 'total_cuda_memory': 4241544704.0, 'total_cpu_memory': 88.0, 'total_cpu_time': 864080.0, 'total_gpu_time': 160327.515625, 'flops': 0.0}","{""learning_rate"": 0.001, ""batch_size"": 64, ""epochs"": 15, ""patience"": 2, ""lag"": 8, ""horizon"": 1, ""physics_weight"": 1.0}"
20251212_105109_188824_l0e5sl_545430,PICNN1D_V1,298235525,298235525,"[0.5472226945623275, 0.11866637247224007, 0.08157096827222456, 0.07373738469135377, 0.06779165037216679, 0.06785200896763033, 0.06226469275932158, 0.06029500163370563, 0.05365602155366252, 0.053083343251097585]",[],218.51903986930847,/data/carlisle/out/runs/PICNN1D_V1/20251212_105109_188824_l0e5sl_545430/PICNN1D_V1_20251212_105109_188824_l0e5sl_545430.pth,"{'max_cuda_memory': 4772299264.0, 'max_cpu_memory': 84.0, 'total_cuda_memory': 4241544704.0, 'total_cpu_memory': 88.0, 'total_cpu_time': 907367.6875, 'total_gpu_time': 161415.90625, 'flops': 0.0}","{""learning_rate"": 0.001, ""batch_size"": 64, ""epochs"": 10, ""patience"": 2, ""lag"": 8, ""horizon"": 1, ""physics_weight"": 0.0}"
20251212_114211_546515_pxc5ce_561305,PICNN1D_V1,298235525,298235525,"[0.5438479113001977, 0.11813986661934084, 0.08179822191596031, 0.07387560425746825, 0.06816652116756286, 0.06810857908379647, 0.062297946503085476, 0.059608505738358346, 0.05385592195295518, 0.053541254973219286]",[],215.1982309818268,/data/carlisle/out/runs/PICNN1D_V1/20251212_114211_546515_pxc5ce_561305/PICNN1D_V1_20251212_114211_546515_pxc5ce_561305.pth,"{'max_cuda_memory': 4772302336.0, 'max_cpu_memory': 580.0, 'total_cuda_memory': 4241544704.0, 'total_cpu_memory': 88.0, 'total_cpu_time': 928127.4375, 'total_gpu_time': 162780.03125, 'flops': 0.0}","{""learning_rate"": 0.001, ""batch_size"": 64, ""epochs"": 10, ""patience"": 2, ""lag"": 8, ""horizon"": 1, ""physics_weight"": 0.0}"
20251212_121411_961639_lwbirp_573503,PICNN1D_V1,298235525,298235525,"[0.5546739067762129, 0.11861441164247451, 0.0845173497594172, 0.07365157731598423, 0.0637986657600249, 0.06784828235545466, 0.0582032005392736, 0.05911514499495106, 0.05262912857917047, 0.05216592345987597]",[],216.0510823726654,/data/carlisle/out/runs/PICNN1D_V1/20251212_121411_961639_lwbirp_573503/PICNN1D_V1_20251212_121411_961639_lwbirp_573503.pth,"{'max_cuda_memory': 4772302336.0, 'max_cpu_memory': 588.0, 'total_cuda_memory': 4241545216.0, 'total_cpu_memory': 88.0, 'total_cpu_time': 920411.1875, 'total_gpu_time': 162875.75, 'flops': 0.0}","{""learning_rate"": 0.001, ""batch_size"": 64, ""epochs"": 10, ""patience"": 2, ""lag"": 8, ""horizon"": 1, ""physics_weight"": 0.0}"
20251212_125142_986778_dxpqdo_589065,PICNN1D_V1,298235525,298235525,"[0.5432593957070382, 0.11853756635419783, 0.08311974004872384, 0.0747202827084449, 0.0681641261664129, 0.0687620904176466, 0.06236694296521525, 0.0594953108699091, 0.05351723454171611, 0.05360717350436795]",[],216.2459352016449,/data/carlisle/out/runs/PICNN1D_V1/20251212_125142_986778_dxpqdo_589065/PICNN1D_V1_20251212_125142_986778_dxpqdo_589065.pth,"{'max_cuda_memory': 4772302336.0, 'max_cpu_memory': 592.0, 'total_cuda_memory': 4241544704.0, 'total_cpu_memory': 88.0, 'total_cpu_time': 889376.5625, 'total_gpu_time': 162189.15625, 'flops': 0.0}","{""learning_rate"": 0.001, ""batch_size"": 64, ""epochs"": 10, ""patience"": 2, ""lag"": 8, ""horizon"": 1, ""physics_weight"": 0.0}"
20251212_161621_188064_31452x_609718,1DCNN_V1,298235525,298235525,"[0.5035706955579019, 0.09304775682187849, 0.07180395854576942, 0.0640922739140449, 0.05450732098712075, 0.05935550060483717, 0.04976364044893172, 0.050339720482307095, 0.043997510606723446, 0.04296620436493428]",[],213.96646237373352,,"{'max_cuda_memory': 4772188672.0, 'max_cpu_memory': 84.0, 'total_cuda_memory': 3943738368.0, 'total_cpu_memory': 88.0, 'total_cpu_time': 768085.0, 'total_gpu_time': 156963.8125, 'flops': 114296291328.0}","{""learning_rate"": 0.001, ""batch_size"": 64, ""epochs"": 10, ""patience"": 2, ""lag"": 8, ""horizon"": 1}"
20251212_180722_077131_bepokz_668446,PICNN1D_V1,298235525,298235525,"[0.5296311634592712, 0.11897394759580493, 0.08166502637322992, 0.07607884414028376, 0.069603540468961, 0.06345215335022658, 0.05853336292784661, 0.05456237692851573, 0.0567105469526723, 0.05250672623515129]",[],222.47889113426208,/data/carlisle/out/runs/PICNN1D_V1/20251212_180722_077131_bepokz_668446/PICNN1D_V1_20251212_180722_077131_bepokz_668446.pth,"{'max_cuda_memory': 4772302848.0, 'max_cpu_memory': 588.0, 'total_cuda_memory': 4241544704.0, 'total_cpu_memory': 88.0, 'total_cpu_time': 898193.0625, 'total_gpu_time': 162551.734375, 'flops': 0.0}","{""learning_rate"": 0.001, ""batch_size"": 64, ""epochs"": 10, ""patience"": 2, ""lag"": 8, ""horizon"": 1, ""physics_weight"": 0.0}"
20251212_181408_340160_q78dfl_673096,PICNN1D_V1,298235525,298235525,"[0.53692456940189, 0.11725380853749812, 0.08091342484112829, 0.07433371793013066, 0.0679253728594631, 0.06137181294616312, 0.056607362232171, 0.053394316928461194, 0.055277867475524545, 0.04989517433568835]",[],221.3513460159301,/data/carlisle/out/runs/PICNN1D_V1/20251212_181408_340160_q78dfl_673096/PICNN1D_V1_20251212_181408_340160_q78dfl_673096.pth,"{'max_cuda_memory': 4772302848.0, 'max_cpu_memory': 584.0, 'total_cuda_memory': 4241545728.0, 'total_cpu_memory': 88.0, 'total_cpu_time': 886142.4375, 'total_gpu_time': 162341.75, 'flops': 0.0}","{""learning_rate"": 0.001, ""batch_size"": 64, ""epochs"": 10, ""patience"": 2, ""lag"": 8, ""horizon"": 1, ""physics_weight"": 0.0}"
20251212_181858_275329_lch7um_676737,1DCNN_V1,298235525,298235525,"[0.4781161565333605, 0.08973354869522154, 0.06668575329240412, 0.05572925170417875, 0.054441468440927565, 0.04898457741364837, 0.045178613625466824, 0.04288676247233525, 0.042541172879282385, 0.03719404595904052]",[],221.5786299705505,,"{'max_cuda_memory': 4772188672.0, 'max_cpu_memory': 80.0, 'total_cuda_memory': 3943738368.0, 'total_cpu_memory': 88.0, 'total_cpu_time': 762990.5, 'total_gpu_time': 157912.4375, 'flops': 114296291328.0}","{""learning_rate"": 0.001, ""batch_size"": 64, ""epochs"": 10, ""patience"": 2, ""lag"": 8, ""horizon"": 1}"
20251212_182852_562917_idbgle_683414,PICNN1D_V1,298235525,298235525,"[0.5262597845867276, 0.11195203405804932, 0.07907492225058377, 0.07459402875974774, 0.06942896731197834, 0.0634172826539725, 0.059213688247837126, 0.055650746216997504, 0.057367770466953516, 0.052725222310982645]",[],221.53183007240293,/data/carlisle/out/runs/PICNN1D_V1/20251212_182852_562917_idbgle_683414/PICNN1D_V1_20251212_182852_562917_idbgle_683414.pth,"{'max_cuda_memory': 4772302848.0, 'max_cpu_memory': 592.0, 'total_cuda_memory': 4241544704.0, 'total_cpu_memory': 88.0, 'total_cpu_time': 908801.9375, 'total_gpu_time': 162903.765625, 'flops': 0.0}","{""learning_rate"": 0.001, ""batch_size"": 64, ""epochs"": 10, ""patience"": 2, ""lag"": 8, ""horizon"": 1, ""physics_weight"": 0.0}"
20251212_183418_509568_zm9ju3_687564,1DCNN_V1,298235525,298235525,"[0.4745355003979057, 0.08760310045909137, 0.0657251359662041, 0.05507516860961914, 0.05362977855838835, 0.04868888214696199, 0.044651007279753685, 0.04322887706803158, 0.0423645757837221, 0.03715693356934935]",[],220.05442428588867,,"{'max_cuda_memory': 4772188672.0, 'max_cpu_memory': 72.0, 'total_cuda_memory': 3943738368.0, 'total_cpu_memory': 88.0, 'total_cpu_time': 764500.375, 'total_gpu_time': 157799.296875, 'flops': 114296291328.0}","{""learning_rate"": 0.001, ""batch_size"": 64, ""epochs"": 10, ""patience"": 2, ""lag"": 8, ""horizon"": 1}"
20251212_184805_042321_g4hpyc_698574,PICNN1D_V1,298235525,298235525,"[0.482270252090041, 0.09220522308722834, 0.06748845043499427, 0.06417894786293626, 0.05822950276420408, 0.052853566132270546, 0.050208170345455036, 0.04591929759885961, 0.049605885104410614, 0.04358251629749384]",[],221.14541578292847,/data/carlisle/out/runs/PICNN1D_V1/20251212_184805_042321_g4hpyc_698574/PICNN1D_V1_20251212_184805_042321_g4hpyc_698574.pth,"{'max_cuda_memory': 4772210688.0, 'max_cpu_memory': 600.0, 'total_cuda_memory': 4241544704.0, 'total_cpu_memory': 88.0, 'total_cpu_time': 881329.375, 'total_gpu_time': 161429.78125, 'flops': 0.0}","{""learning_rate"": 0.001, ""batch_size"": 64, ""epochs"": 10, ""patience"": 2, ""lag"": 8, ""horizon"": 1, ""physics_weight"": 1.0}"
20251212_185326_283076_idouiz_702424,PICNN1D_V1,298235525,298235525,"[0.4904731325584023, 0.09187976396951951, 0.06599808622305578, 0.06225872394326202, 0.055985247800870615, 0.050727089478505655, 0.04808479269627037, 0.043832366152412025, 0.047745492907705696, 0.04193649714779294, 0.0412143231151478, 0.03861053698472099, 0.037167489272109486, 0.0350327993743841]",[],310.19080233573914,/data/carlisle/out/runs/PICNN1D_V1/20251212_185326_283076_idouiz_702424/PICNN1D_V1_20251212_185326_283076_idouiz_702424.pth,"{'max_cuda_memory': 4772210688.0, 'max_cpu_memory': 584.0, 'total_cuda_memory': 4241544704.0, 'total_cpu_memory': 88.0, 'total_cpu_time': 871714.625, 'total_gpu_time': 161598.046875, 'flops': 0.0}","{""learning_rate"": 0.001, ""batch_size"": 64, ""epochs"": 14, ""patience"": 2, ""lag"": 8, ""horizon"": 1, ""physics_weight"": 1.0}"
20251215_073014_635745_328lul_864646,1DCNN_V1,298235525,298235525,"[0.4903821147257282, 0.0945428082298848, 0.07393788149760615, 0.06462778932144565, 0.054651508047696085, 0.05926751345396042, 0.04993614860840382, 0.050280985091963125, 0.04435759127861069, 0.043553909947795254]",[],212.69289898872373,,"{'max_cuda_memory': 4772188672.0, 'max_cpu_memory': 84.0, 'total_cuda_memory': 3943738368.0, 'total_cpu_memory': 88.0, 'total_cpu_time': 785706.25, 'total_gpu_time': 158169.40625, 'flops': 114296291328.0}","{""learning_rate"": 0.001, ""batch_size"": 64, ""epochs"": 10, ""patience"": 2, ""lag"": 8, ""horizon"": 1}"
20251215_075107_374971_3gp81u_871819,PICNN1D_V1,298235525,298235525,"[0.5157647598116842, 0.0991393309806659, 0.06881343024612235, 0.06139575815280343, 0.05596148591072648, 0.05601402975116267, 0.05169536335899201, 0.04775512764041877, 0.043159926658048034, 0.04245533513127639, 0.040327869549055935, 0.039050758733350725, 0.035518604848936694, 0.03353549677698269]",[],300.99518847465515,/data/carlisle/out/runs/PICNN1D_V1/20251215_075107_374971_3gp81u_871819/PICNN1D_V1_20251215_075107_374971_3gp81u_871819.pth,"{'max_cuda_memory': 4772210176.0, 'max_cpu_memory': 600.0, 'total_cuda_memory': 4241544704.0, 'total_cpu_memory': 88.0, 'total_cpu_time': 895685.9375, 'total_gpu_time': 162595.234375, 'flops': 0.0}","{""learning_rate"": 0.001, ""batch_size"": 64, ""epochs"": 14, ""patience"": 2, ""lag"": 8, ""horizon"": 1, ""physics_weight"": 1.0}"
20251215_081721_482714_uf7cqw_880696,PICNN1D_V1,298235525,298235525,"[0.49983953636500145, 0.09859834250903898, 0.06962863908660027, 0.06253039043757223, 0.05763856904400933, 0.058318762108683586, 0.05308656298345135, 0.04965030065467281, 0.04443777220383767, 0.04326000491217259, 0.04154676235010547, 0.03948912499172072, 0.0366200304199611, 0.034774218776052995]",[],298.1755473613739,/data/carlisle/out/runs/PICNN1D_V1/20251215_081721_482714_uf7cqw_880696/PICNN1D_V1_20251215_081721_482714_uf7cqw_880696.pth,"{'max_cuda_memory': 4772210176.0, 'max_cpu_memory': 600.0, 'total_cuda_memory': 4241544704.0, 'total_cpu_memory': 88.0, 'total_cpu_time': 909214.4375, 'total_gpu_time': 163073.9375, 'flops': 0.0}","{""learning_rate"": 0.001, ""batch_size"": 64, ""epochs"": 14, ""patience"": 2, ""lag"": 8, ""horizon"": 1, ""physics_weight"": 0.0}"
20251215_111514_786596_0rxkiz_901779,1DCNN_V1,298235525,298235525,[0.486638680100441],[],63.50287103652954,,"{'max_cuda_memory': 4772188672.0, 'max_cpu_memory': 76.0, 'total_cuda_memory': 3943738368.0, 'total_cpu_memory': 88.0, 'total_cpu_time': 759858.0, 'total_gpu_time': 158335.9375, 'flops': 114296291328.0}","{""learning_rate"": 0.001, ""batch_size"": 64, ""epochs"": 1, ""patience"": 3, ""lag"": 8, ""horizon"": 1}"
20251215_113806_842911_8t4vbe_912715,PICNN1D_V1,298235525,298235525,"[0.4835155562032014, 0.0891071786172688, 0.06735597678925842, 0.05547658528666943, 0.05363899748772383, 0.048583077150397, 0.04514454927993938, 0.04219635628396645, 0.04214360722107813, 0.03657605580519885, 0.03628483001375571, 0.04096190637210384, 0.036933105555363, 0.03330067649949342]",[],308.8528618812561,/data/carlisle/out/runs/PICNN1D_V1/20251215_113806_842911_8t4vbe_912715/PICNN1D_V1_20251215_113806_842911_8t4vbe_912715.pth,"{'max_cuda_memory': 4772214784.0, 'max_cpu_memory': 596.0, 'total_cuda_memory': 4241544704.0, 'total_cpu_memory': 88.0, 'total_cpu_time': 913544.875, 'total_gpu_time': 163023.671875, 'flops': 0.0}","{""learning_rate"": 0.001, ""batch_size"": 64, ""epochs"": 14, ""patience"": 2, ""lag"": 8, ""horizon"": 1, ""physics_weight"": 0.0}"
20251215_115233_609322_xxy6y3_919086,1DCNN_V1,298235525,298235525,"[0.48458594526164234, 0.09066878806333989, 0.0681023596553132, 0.05673048016615212, 0.054921009577810764, 0.04968461045064032, 0.04570340272039175, 0.04306217277189717, 0.04273651784751564, 0.037189253605902195]",[],219.14252305030823,,"{'max_cuda_memory': 4772188672.0, 'max_cpu_memory': 88.0, 'total_cuda_memory': 3943738368.0, 'total_cpu_memory': 88.0, 'total_cpu_time': 754344.5625, 'total_gpu_time': 156983.0625, 'flops': 114296291328.0}","{""learning_rate"": 0.001, ""batch_size"": 64, ""epochs"": 10, ""patience"": 2, ""lag"": 8, ""horizon"": 1}"
20251215_120157_234473_jz4oq6_923087,PICNN1D_V1,298235525,298235525,"[0.4785474912593974, 0.08933545446263691, 0.06787145285154703, 0.05663117853063219, 0.05481215549552696, 0.04965696568802338, 0.04629665587083384, 0.042927376498505185, 0.0430404769492973, 0.038880891643853534, 0.036898980382245976, 0.041495706105005685, 0.0383425696430083, 0.0347521801406196]",[],308.2897469997406,/data/carlisle/out/runs/PICNN1D_V1/20251215_120157_234473_jz4oq6_923087/PICNN1D_V1_20251215_120157_234473_jz4oq6_923087.pth,"{'max_cuda_memory': 4772214784.0, 'max_cpu_memory': 592.0, 'total_cuda_memory': 4241545216.0, 'total_cpu_memory': 88.0, 'total_cpu_time': 914045.875, 'total_gpu_time': 162620.734375, 'flops': 0.0}","{""learning_rate"": 0.001, ""batch_size"": 64, ""epochs"": 14, ""patience"": 2, ""lag"": 8, ""horizon"": 1, ""physics_weight"": 1.0}"
20251215_124323_462508_wjscae_944997,PICNN1D_V1,298235525,298235525,"[0.5047511902775209, 0.09637106520785413, 0.07417692882172268, 0.06610971348799781, 0.060316284162995996, 0.05549502082549684, 0.053771135843737744, 0.05079244661337373, 0.05293484276786534, 0.044860594811977565, 0.04298186095110242, 0.05324842257675902, 0.0457688842460248, 0.038812843784634524]",[],308.6789376735687,/data/carlisle/out/runs/PICNN1D_V1/20251215_124323_462508_wjscae_944997/PICNN1D_V1_20251215_124323_462508_wjscae_944997.pth,"{'max_cuda_memory': 4772214784.0, 'max_cpu_memory': 592.0, 'total_cuda_memory': 4241544704.0, 'total_cpu_memory': 88.0, 'total_cpu_time': 891621.8125, 'total_gpu_time': 161873.40625, 'flops': 0.0}","{""learning_rate"": 0.001, ""batch_size"": 64, ""epochs"": 14, ""patience"": 2, ""lag"": 8, ""horizon"": 1, ""physics_weight"": 1.0}"
20251215_133449_629167_voohpp_973349,PICNN1D_V1,298235525,298235525,"[0.15082208391058446, 0.06489487929784131, 0.05471090438762169, 0.05069458175278862, 0.04860491697383152, 0.046278419989403026, 0.044264718666869325, 0.04275269110831743, 0.04247843303419923, 0.040589014730284916, 0.038901300365276725, 0.03755484080568323, 0.03849027038140941, 0.03777789237203587]",[],308.5654487609863,/data/carlisle/out/runs/PICNN1D_V1/20251215_133449_629167_voohpp_973349/PICNN1D_V1_20251215_133449_629167_voohpp_973349.pth,"{'max_cuda_memory': 4772214784.0, 'max_cpu_memory': 588.0, 'total_cuda_memory': 4241545216.0, 'total_cpu_memory': 88.0, 'total_cpu_time': 983319.9375, 'total_gpu_time': 162364.46875, 'flops': 0.0}","{""learning_rate"": 0.001, ""batch_size"": 64, ""epochs"": 14, ""patience"": 2, ""lag"": 8, ""horizon"": 1, ""physics_weight"": 1.0}"
20251215_134642_396850_xzzxs8_980732,PICNN1D_V1,298235525,298235525,"[0.5365162446637305, 0.09053175024137244, 0.06882336081869926, 0.05681703428215557, 0.05385960311016136, 0.05064867533640442, 0.047244662315231264, 0.0459042905854329, 0.04536859383985289, 0.05346724896185413, 0.039120714932177066, 0.0368736845355676, 0.04260734015825929, 0.03517907129965163]",[],309.9200723171234,/data/carlisle/out/runs/PICNN1D_V1/20251215_134642_396850_xzzxs8_980732/PICNN1D_V1_20251215_134642_396850_xzzxs8_980732.pth,"{'max_cuda_memory': 4772214784.0, 'max_cpu_memory': 584.0, 'total_cuda_memory': 4241544704.0, 'total_cpu_memory': 88.0, 'total_cpu_time': 927341.625, 'total_gpu_time': 162052.65625, 'flops': 0.0}","{""learning_rate"": 0.001, ""batch_size"": 64, ""epochs"": 14, ""patience"": 2, ""lag"": 8, ""horizon"": 1, ""physics_weight"": 5.0}"
20251215_135541_571934_jqkwy0_986774,PICNN1D_V1,298235525,298235525,"[0.47685115481726825, 0.08837847865652293, 0.06684475089423358, 0.05563788942527026, 0.05421088030561805, 0.04958384530618787, 0.04593612329335883, 0.04308238183148205, 0.04292622662615031, 0.03728502546437085]",[],223.628318309784,/data/carlisle/out/runs/PICNN1D_V1/20251215_135541_571934_jqkwy0_986774/PICNN1D_V1_20251215_135541_571934_jqkwy0_986774.pth,"{'max_cuda_memory': 4772214784.0, 'max_cpu_memory': 588.0, 'total_cuda_memory': 4241544704.0, 'total_cpu_memory': 88.0, 'total_cpu_time': 900622.5, 'total_gpu_time': 162772.328125, 'flops': 0.0}","{""learning_rate"": 0.001, ""batch_size"": 64, ""epochs"": 10, ""patience"": 2, ""lag"": 8, ""horizon"": 1, ""physics_weight"": 0.0}"
20251215_140056_963711_0f58rb_990639,PICNN1D_V1,298235525,298235525,"[0.4851246977736309, 0.08678322869946856, 0.06621936184098137, 0.05462320468826655, 0.053654804729043167, 0.048469980843625915, 0.04520858089541201, 0.042183552547816625, 0.042585115174260925, 0.03795094991238898]",[],221.43332839012143,/data/carlisle/out/runs/PICNN1D_V1/20251215_140056_963711_0f58rb_990639/PICNN1D_V1_20251215_140056_963711_0f58rb_990639.pth,"{'max_cuda_memory': 4772214784.0, 'max_cpu_memory': 584.0, 'total_cuda_memory': 4241544704.0, 'total_cpu_memory': 88.0, 'total_cpu_time': 903216.0625, 'total_gpu_time': 161541.78125, 'flops': 0.0}","{""learning_rate"": 0.001, ""batch_size"": 64, ""epochs"": 10, ""patience"": 2, ""lag"": 8, ""horizon"": 1, ""physics_weight"": 1.0}"
20251215_141128_284049_zklcxe_998262,PICNN1D_V1,298235525,298235525,"[0.46780422586016357, 0.09092209837399423, 0.06965697358828038, 0.05831722205039114, 0.05614578444510698, 0.05091787490528077, 0.04724588803946972, 0.04458584781968966, 0.044230943836737424, 0.03860793565399945, 0.03781937574967742, 0.04209574282867834, 0.038102709979284555, 0.03453265130519867]",[],308.8273980617523,/data/carlisle/out/runs/PICNN1D_V1/20251215_141128_284049_zklcxe_998262/PICNN1D_V1_20251215_141128_284049_zklcxe_998262.pth,"{'max_cuda_memory': 4772214784.0, 'max_cpu_memory': 600.0, 'total_cuda_memory': 4241545216.0, 'total_cpu_memory': 88.0, 'total_cpu_time': 934169.1875, 'total_gpu_time': 163664.15625, 'flops': 0.0}","{""learning_rate"": 0.001, ""batch_size"": 64, ""epochs"": 14, ""patience"": 2, ""lag"": 8, ""horizon"": 1, ""physics_weight"": 0.0}"
20251215_141128_277065_6l9twf_998265,PICNN1D_V1,298235525,298235525,"[0.49456345299798954, 0.0891793172055927, 0.06823936849389235, 0.056302763739067924, 0.055205997862660186, 0.049824570765903596, 0.04623876753835441, 0.04301218200107001, 0.043174983621509774, 0.0387553206237523, 0.03732866932747046, 0.041719547249519214, 0.037432630542684225, 0.034380528558189204]",[],310.0108313560486,/data/carlisle/out/runs/PICNN1D_V1/20251215_141128_277065_6l9twf_998265/PICNN1D_V1_20251215_141128_277065_6l9twf_998265.pth,"{'max_cuda_memory': 4772214784.0, 'max_cpu_memory': 592.0, 'total_cuda_memory': 4241545216.0, 'total_cpu_memory': 88.0, 'total_cpu_time': 895744.6875, 'total_gpu_time': 161713.890625, 'flops': 0.0}","{""learning_rate"": 0.001, ""batch_size"": 64, ""epochs"": 14, ""patience"": 2, ""lag"": 8, ""horizon"": 1, ""physics_weight"": 1.0}"
20251215_141726_531703_ilua16_1002972,PICNN1D_V1,298235525,298235525,"[0.4803886234294623, 0.08910828153602779, 0.06732892105355859, 0.05583025608211756, 0.0539315635105595, 0.048747590626589954, 0.045066787919495255, 0.04248538182582706, 0.042800005874596536, 0.03687021275982261, 0.03645956626860425, 0.040898627892602235, 0.03573117853375152, 0.03310151235200465, 0.030633168702479452, 0.02927728515351191, 0.028291650058235973, 0.028220661566592753, 0.026584853301756084, 0.026340397831518203]",[],439.1912751197815,/data/carlisle/out/runs/PICNN1D_V1/20251215_141726_531703_ilua16_1002972/PICNN1D_V1_20251215_141726_531703_ilua16_1002972.pth,"{'max_cuda_memory': 4772214784.0, 'max_cpu_memory': 596.0, 'total_cuda_memory': 4241544704.0, 'total_cpu_memory': 88.0, 'total_cpu_time': 912031.3125, 'total_gpu_time': 162551.96875, 'flops': 0.0}","{""learning_rate"": 0.001, ""batch_size"": 64, ""epochs"": 20, ""patience"": 2, ""lag"": 8, ""horizon"": 1, ""physics_weight"": 0.0}"
20251215_141727_809444_88d3tb_1002986,PICNN1D_V1,298235525,298235525,"[0.4984558736051255, 0.08907492780355561, 0.06601422691762249, 0.054836119549004886, 0.05386582303098312, 0.04917930991477085, 0.04543834091849165, 0.042754555049730594, 0.04272210045075665, 0.03833497173068978, 0.036451701034284724, 0.04110091334361586, 0.0369004875595453, 0.03414138196957538, 0.03129302616363201, 0.029905055424771766, 0.02991753530452215, 0.02898048955396992, 0.027630823519240868, 0.026877024880746527]",[],443.0783214569092,/data/carlisle/out/runs/PICNN1D_V1/20251215_141727_809444_88d3tb_1002986/PICNN1D_V1_20251215_141727_809444_88d3tb_1002986.pth,"{'max_cuda_memory': 4772214784.0, 'max_cpu_memory': 604.0, 'total_cuda_memory': 4241545728.0, 'total_cpu_memory': 88.0, 'total_cpu_time': 948120.75, 'total_gpu_time': 162241.0625, 'flops': 0.0}","{""learning_rate"": 0.001, ""batch_size"": 64, ""epochs"": 20, ""patience"": 2, ""lag"": 8, ""horizon"": 1, ""physics_weight"": 1.0}"
20251215_142555_778294_nf8btb_1009380,1DCNN_V1,298235525,298235525,"[0.4810263914987445, 0.08881935756653547, 0.06731105037033558, 0.056502177263610065, 0.055073332041502, 0.049743638606742024, 0.04585923661943525, 0.043340529198758304, 0.04273955011740327, 0.037361619994044304, 0.03650058957282454, 0.041352467495016754, 0.03704383102012798, 0.033929041936062276]",[],307.3041694164276,,"{'max_cuda_memory': 4772188672.0, 'max_cpu_memory': 88.0, 'total_cuda_memory': 3943738368.0, 'total_cpu_memory': 88.0, 'total_cpu_time': 862647.25, 'total_gpu_time': 172296.625, 'flops': 114296291328.0}","{""learning_rate"": 0.001, ""batch_size"": 64, ""epochs"": 14, ""patience"": 2, ""lag"": 8, ""horizon"": 1}"
20251215_142555_778306_1at02r_1009382,1DCNN_V1,298235525,298235525,"[0.4780382125172764, 0.09040444635320455, 0.06755274930037558, 0.05624815821647644, 0.054858915507793427, 0.04950983659364283, 0.04569139931118116, 0.04342363681644201, 0.04284445382654667, 0.03770184644963592, 0.03681860974757001, 0.04129787202691659, 0.03795134543906897, 0.03405987855512649, 0.031223966681864113, 0.030095095571596175, 0.02899747935589403, 0.028894175600726157, 0.027252176485490054, 0.0272147697978653]",[],438.8345317840576,,"{'max_cuda_memory': 4772188672.0, 'max_cpu_memory': 80.0, 'total_cuda_memory': 3943738368.0, 'total_cpu_memory': 88.0, 'total_cpu_time': 861178.1875, 'total_gpu_time': 166032.375, 'flops': 114296291328.0}","{""learning_rate"": 0.001, ""batch_size"": 64, ""epochs"": 20, ""patience"": 2, ""lag"": 8, ""horizon"": 1}"
20251215_144414_416654_gfr9h1_1021121,PICNN1D_V1,298235525,298235525,"[0.47441447456367314, 0.08943180926144123, 0.0674718531081453, 0.05673581187147647, 0.05567865539342165, 0.0504843833623454, 0.04696538602001965, 0.04449204629054293, 0.04429846676066518, 0.03857920126756653, 0.037368254037573934, 0.04193892085459083, 0.03769065754022449, 0.03419013012899086, 0.03147647244622931, 0.03000849101226777, 0.02938483073376119, 0.029113028955180198, 0.02729364956030622, 0.02726623771013692, 0.029210922366473824, 0.025740095356013626, 0.02497786097228527, 0.027673732780385762, 0.025039058731636032, 0.023741759971017018, 0.025289920216891915, 0.02300959257991053, 0.02355523142614402, 0.025068471702979878, 0.024435258412268013, 0.022882376826601103, 0.02627723730984144, 0.02449759526643902, 0.021829859382705763, 0.021291812270646915, 0.02095284897950478, 0.025024533417308703, 0.023189071420347318, 0.02197879710001871, 0.021575902064796537, 0.023033516481518745, 0.02207571396138519, 0.02065542049240321, 0.018814123410265893, 0.02560938341775909, 0.022853039525216445, 0.021117065218277276, 0.02466330910101533, 0.02258249092847109]",[],1101.5217835903168,/data/carlisle/out/runs/PICNN1D_V1/20251215_144414_416654_gfr9h1_1021121/PICNN1D_V1_20251215_144414_416654_gfr9h1_1021121.pth,"{'max_cuda_memory': 4772214784.0, 'max_cpu_memory': 592.0, 'total_cuda_memory': 4241545216.0, 'total_cpu_memory': 88.0, 'total_cpu_time': 919868.125, 'total_gpu_time': 162345.765625, 'flops': 0.0}","{""learning_rate"": 0.001, ""batch_size"": 64, ""epochs"": 50, ""patience"": 2, ""lag"": 8, ""horizon"": 1, ""physics_weight"": 0.0}"
20251215_144414_402760_zcwieu_1021124,PICNN1D_V1,298235525,298235525,"[0.4731015288380944, 0.09011600360807079, 0.06899681684187445, 0.057547520704045285, 0.056356832399811166, 0.0518304474104007, 0.04819555454592363, 0.04523522585552943, 0.04520048700230209, 0.04089540572494284, 0.039257466238893014, 0.04230235887985443, 0.03899132798428186, 0.03536626848288635, 0.03240382332560614, 0.030983912540933058, 0.030517426150002094, 0.02955722633878765, 0.028039372246453136, 0.027587411493704826, 0.030322717941730276, 0.025311654226352006, 0.024645969361022896, 0.027217479108724407, 0.025363327982976424, 0.02410009180406699, 0.02591082051806769, 0.023551798060464965, 0.023743670398605397, 0.02513167538331662, 0.0248546961326212, 0.02363589674523544, 0.026818981255654947, 0.02448228113700854, 0.021925388002297368, 0.0213660423718682, 0.021579249277979343, 0.02483255844084728, 0.0231645174337554, 0.02293699924276829, 0.0224412011423219, 0.023893978527379536, 0.021959555002979338, 0.020871532189298516, 0.018996390793622454, 0.02713963256466339, 0.023219924590715084, 0.021633650460113764, 0.025915205179031252, 0.02414753480813494]",[],1107.0535070896149,/data/carlisle/out/runs/PICNN1D_V1/20251215_144414_402760_zcwieu_1021124/PICNN1D_V1_20251215_144414_402760_zcwieu_1021124.pth,"{'max_cuda_memory': 4772214784.0, 'max_cpu_memory': 600.0, 'total_cuda_memory': 4241544704.0, 'total_cpu_memory': 88.0, 'total_cpu_time': 885325.0, 'total_gpu_time': 161854.96875, 'flops': 0.0}","{""learning_rate"": 0.001, ""batch_size"": 64, ""epochs"": 50, ""patience"": 2, ""lag"": 8, ""horizon"": 1, ""physics_weight"": 1.0}"
20251215_151607_200152_nnbxrk_1044243,PICNN1D_V1,298235525,298235525,"[0.053735397676762886, 0.010962289090871009, 0.007724281123498396, 0.00670264860196237, 0.0067859617171096565, 0.006364192339677996, 0.006113538117352045, 0.005976361124965085, 0.0064773795112007745, 0.0057167926285569565, 0.005295439496543413, 0.005588477745667755, 0.00615691780384931, 0.006548646422548375]",[],307.5287156105041,/data/carlisle/out/runs/PICNN1D_V1/20251215_151607_200152_nnbxrk_1044243/PICNN1D_V1_20251215_151607_200152_nnbxrk_1044243.pth,"{'max_cuda_memory': 4772214272.0, 'max_cpu_memory': 604.0, 'total_cuda_memory': 4241544704.0, 'total_cpu_memory': 88.0, 'total_cpu_time': 856298.9375, 'total_gpu_time': 160988.15625, 'flops': 0.0}","{""learning_rate"": 0.001, ""batch_size"": 64, ""epochs"": 14, ""patience"": 2, ""lag"": 8, ""horizon"": 1, ""physics_weight"": 1.0}"
20251215_160430_571376_bse13f_1072930,PICNN1D_V1,298235525,298235525,"[0.48825759580358863, 0.08901140152011067, 0.06680591811891645, 0.05586459184996784, 0.05483524699229747, 0.05001723952591419, 0.046325940768888345, 0.04437852870121254, 0.043381506165932074, 0.03858780313036882, 0.03801201143758593, 0.042433030503681524, 0.03856893623369034, 0.03494589413996893, 0.031436984651285436, 0.03046125198272199, 0.029745899692439067, 0.02921149418310618, 0.027578463271452247, 0.027226577579510736]",[],443.9575936794281,/data/carlisle/out/runs/PICNN1D_V1/20251215_160430_571376_bse13f_1072930/PICNN1D_V1_20251215_160430_571376_bse13f_1072930.pth,"{'max_cuda_memory': 4772214784.0, 'max_cpu_memory': 592.0, 'total_cuda_memory': 4241544704.0, 'total_cpu_memory': 88.0, 'total_cpu_time': 934612.5625, 'total_gpu_time': 163546.0, 'flops': 0.0}","{""learning_rate"": 0.001, ""batch_size"": 64, ""epochs"": 20, ""patience"": 2, ""lag"": 8, ""horizon"": 1, ""physics_weight"": 1.0}"
20251215_163052_305452_wfxpjk_1087647,PICNN1D_V1,298235525,298235525,"[0.4829411862883717, 0.087164246593602, 0.06597506324760616, 0.05498973629437387, 0.05367508751805872, 0.04903180024120957, 0.04550534387817606, 0.04296897730091587, 0.04311075882287696, 0.03742899501230568, 0.036999270087108016, 0.04146086407126859, 0.03720157401403412, 0.03390557545935735, 0.031053213810082525, 0.030108851147815585, 0.02935964072821662, 0.029136631346773356, 0.027608919073827565, 0.027315154438838363]",[],442.569370508194,/data/carlisle/out/runs/PICNN1D_V1/20251215_163052_305452_wfxpjk_1087647/PICNN1D_V1_20251215_163052_305452_wfxpjk_1087647.pth,"{'max_cuda_memory': 4772214784.0, 'max_cpu_memory': 592.0, 'total_cuda_memory': 4241544704.0, 'total_cpu_memory': 88.0, 'total_cpu_time': 901162.875, 'total_gpu_time': 162675.03125, 'flops': 0.0}","{""learning_rate"": 0.001, ""batch_size"": 64, ""epochs"": 20, ""patience"": 2, ""lag"": 8, ""horizon"": 1, ""physics_weight"": 1.0}"
20251215_164756_203623_x2n2a4_1098906,PICNN1D_V1,298235525,298235525,"[0.5331470016390085, 0.11320495628751814, 0.08075853926129639, 0.0680271815508604, 0.06575377914123237, 0.06031809269916266, 0.057556329979882644, 0.055026384787233554, 0.05373589339693288, 0.04995254035539967, 0.049301910305973036, 0.053994366058945226, 0.04649579441811654, 0.04514756699722808, 0.04157134042054822, 0.040570640530537695, 0.03990820001438589, 0.03923403702600335, 0.0381176644733473, 0.03694454880469622]",[],442.8080315589905,/data/carlisle/out/runs/PICNN1D_V1/20251215_164756_203623_x2n2a4_1098906/PICNN1D_V1_20251215_164756_203623_x2n2a4_1098906.pth,"{'max_cuda_memory': 4772306944.0, 'max_cpu_memory': 588.0, 'total_cuda_memory': 4241544704.0, 'total_cpu_memory': 88.0, 'total_cpu_time': 897077.375, 'total_gpu_time': 162184.28125, 'flops': 0.0}","{""learning_rate"": 0.001, ""batch_size"": 64, ""epochs"": 20, ""patience"": 2, ""lag"": 8, ""horizon"": 1, ""physics_weight"": 1.0}"
20251215_172305_094255_fevw74_1117919,1DCNN_V1,298235525,298235525,"[0.523191049695015, 0.11292163166217506, 0.08051003492437303, 0.0678142795804888, 0.06537603389006108, 0.059281502035446465, 0.055150504456833005, 0.05213684879709035, 0.05171315500047058, 0.04594390781130642, 0.044888854085002095, 0.05000785191077739, 0.0438712079776451, 0.041692636150401086, 0.03910629317397252, 0.037713564292062074, 0.03692061535548419, 0.03603127697715536, 0.0346836734097451, 0.033442250452935696]",[],442.0019059181213,,"{'max_cuda_memory': 4772280832.0, 'max_cpu_memory': 88.0, 'total_cuda_memory': 3943738368.0, 'total_cpu_memory': 88.0, 'total_cpu_time': 762994.375, 'total_gpu_time': 157046.546875, 'flops': 114296291328.0}","{""learning_rate"": 0.001, ""batch_size"": 64, ""epochs"": 20, ""patience"": 2, ""lag"": 8, ""horizon"": 1}"
20251215_174149_403600_ovwjwk_1129900,PICNN1D_V1,298235525,298235525,"[0.549779896734868, 0.11405284825730169, 0.08249051399397297, 0.0691870947776502, 0.06672940958405196, 0.061864620478927705, 0.05890907437629592, 0.05351414540528846, 0.05523158166716467, 0.055212045009831574, 0.047014382708027984, 0.05219478531491732, 0.04874927942951531, 0.04608549729312114, 0.044560809254064665, 0.0442928479115595, 0.042640002181836535, 0.040849850315461705, 0.03976053267146693, 0.03880853864166425]",[],439.4990029335022,/data/carlisle/out/runs/PICNN1D_V1/20251215_174149_403600_ovwjwk_1129900/PICNN1D_V1_20251215_174149_403600_ovwjwk_1129900.pth,"{'max_cuda_memory': 4772306944.0, 'max_cpu_memory': 592.0, 'total_cuda_memory': 4241545216.0, 'total_cpu_memory': 88.0, 'total_cpu_time': 913192.25, 'total_gpu_time': 162869.953125, 'flops': 0.0}","{""learning_rate"": 0.001, ""batch_size"": 64, ""epochs"": 20, ""patience"": 2, ""lag"": 8, ""horizon"": 1, ""physics_weight"": 2.0}"
20251215_213650_859012_5p3ttu_1168757,PICNN1D_V1,298235525,298235525,"[0.5491004882592344, 0.11055463201301924, 0.08083317896573955, 0.06813800040353517, 0.06650727017409908, 0.060705972298076644, 0.05776082860571321, 0.05233751418350975, 0.05340907655054324, 0.048696065533178394, 0.04647766612514178, 0.05162749482674592, 0.044739623835810684, 0.04337262130068182, 0.04005184990347968, 0.03964511714359993, 0.038259334523312725, 0.037285354900147435, 0.03538422793764874, 0.03441314250796893]",[],440.68954610824585,/data/carlisle/out/runs/PICNN1D_V1/20251215_213650_859012_5p3ttu_1168757/PICNN1D_V1_20251215_213650_859012_5p3ttu_1168757.pth,"{'max_cuda_memory': 4772306944.0, 'max_cpu_memory': 588.0, 'total_cuda_memory': 4241544704.0, 'total_cpu_memory': 88.0, 'total_cpu_time': 897514.875, 'total_gpu_time': 162123.40625, 'flops': 0.0}","{""learning_rate"": 0.001, ""batch_size"": 64, ""epochs"": 20, ""patience"": 2, ""lag"": 8, ""horizon"": 1, ""physics_weight"": 1.0}"
20251215_214608_525712_usgdq4_1175711,1DCNN_V1,298235525,298235525,"[0.5355261312797666, 0.11219780007377267, 0.07942422665655613, 0.06658816337585449, 0.06452051573432982, 0.060243562678806484, 0.05573762860149145, 0.05236719280947, 0.05183562857564539, 0.04763731581624597, 0.04670802038162947, 0.05199085595086217, 0.045027562242466956, 0.04310535144759342, 0.04020284418947995, 0.03949746739817783, 0.03841241274494678, 0.037795612413901836, 0.03722166531952098, 0.035864714183844626]",[],440.4326343536377,,"{'max_cuda_memory': 4772280832.0, 'max_cpu_memory': 84.0, 'total_cuda_memory': 3943738368.0, 'total_cpu_memory': 88.0, 'total_cpu_time': 774085.375, 'total_gpu_time': 156839.984375, 'flops': 114296291328.0}","{""learning_rate"": 0.001, ""batch_size"": 64, ""epochs"": 20, ""patience"": 2, ""lag"": 8, ""horizon"": 1}"
20251215_215528_682447_cd3kz9_1182393,1DCNN_V1,298235525,298235525,"[0.5347264599986374, 0.110881133005023, 0.08011728327255696, 0.06717241532169282, 0.06547050108201802, 0.06032323301769793, 0.055278371553868055, 0.05179681326262653, 0.05137135763652623, 0.04636242403648794, 0.045495444210246205, 0.0506804792676121, 0.043496918224263936, 0.04168637725524604, 0.038742360775358975, 0.03746689431136474, 0.03608197998255491, 0.03587061824509874, 0.0342524842126295, 0.03344457835191861]",[],437.1435966491699,,"{'max_cuda_memory': 4772280832.0, 'max_cpu_memory': 76.0, 'total_cuda_memory': 3943738368.0, 'total_cpu_memory': 88.0, 'total_cpu_time': 762515.625, 'total_gpu_time': 156868.625, 'flops': 114296291328.0}","{""learning_rate"": 0.001, ""batch_size"": 64, ""epochs"": 20, ""patience"": 2, ""lag"": 8, ""horizon"": 1}"
20251216_142511_582458_xd43z4_1291540,PICNN1D_V1,298235525,298235525,"[0.7362232244836664, 0.1476897023620862, 0.10275684550399761, 0.08537919770700542, 0.07598198169429504, 0.0742649662545165, 0.0649086570860051, 0.05724554072331821, 0.056852871475624414, 0.0516691322798679, 0.0502845751634595, 0.05127234878614906, 0.048637971688395246, 0.04575077998279734, 0.04424249648760955, 0.04160857486448569, 0.04081031506015689, 0.040014689575737276, 0.03821672479629785, 0.03677929630377662]",[],440.8930606842041,/data/carlisle/out/runs/PICNN1D_V1/20251216_142511_582458_xd43z4_1291540/PICNN1D_V1_20251216_142511_582458_xd43z4_1291540.pth,"{'max_cuda_memory': 4772306944.0, 'max_cpu_memory': 604.0, 'total_cuda_memory': 4241544704.0, 'total_cpu_memory': 88.0, 'total_cpu_time': 902560.25, 'total_gpu_time': 162100.703125, 'flops': 0.0}","{""learning_rate"": 0.001, ""batch_size"": 64, ""epochs"": 20, ""patience"": 2, ""lag"": 8, ""horizon"": 1, ""physics_weight"": 10.0}"
20251216_143700_049282_st60im_1301753,PICNN1D_V1,298235525,298235525,"[0.4894557923546353, 0.06349875103931538, 0.03667045395351077, 0.029491119421428014, 0.026801647784822507, 0.023902667417161218, 0.02196180333513215, 0.021624886366821448, 0.02039595076250173, 0.01843402482549116, 0.01857465883862683, 0.01977670012217355, 0.019627098316047663, 0.017831927460074625, 0.016174635263127592, 0.016062021876619557, 0.015725600508610212, 0.01558379409835226, 0.014333483945340005, 0.014037737063623452, 0.016406953917615534, 0.013081575822207751, 0.013232618143207696, 0.013668927390641548, 0.012576225980694645, 0.014319878822225232, 0.015021154775580746, 0.013726861582938425, 0.013568832497741566, 0.013005055337506]",[],663.2341065406799,/data/carlisle/out/runs/PICNN1D_V1/20251216_143700_049282_st60im_1301753/PICNN1D_V1_20251216_143700_049282_st60im_1301753.pth,"{'max_cuda_memory': 3579362304.0, 'max_cpu_memory': 596.0, 'total_cuda_memory': 4241544704.0, 'total_cpu_memory': 88.0, 'total_cpu_time': 872626.4375, 'total_gpu_time': 139427.40625, 'flops': 0.0}","{""learning_rate"": 0.001, ""batch_size"": 64, ""epochs"": 30, ""patience"": 2, ""lag"": 8, ""horizon"": 1, ""physics_weight"": 1.0}"
20251216_145031_747984_gyd58n_1318865,PICNN1D_V1,298235525,298235525,"[0.4874176378223763, 0.06277839877881898, 0.03431607777327908, 0.02825438865931662, 0.026609987696105487, 0.023373077060267432, 0.021536612171767836, 0.02074192875214693, 0.02096229221386247, 0.019788073155781648, 0.017397150971072136, 0.019656119233104886, 0.018642895636357827, 0.016745564091319394, 0.016164606080237235, 0.014720640005010296, 0.015772877607368077, 0.015721409480249166, 0.015351444470676856, 0.014135749287316937]",[],443.3873379230499,/data/carlisle/out/runs/PICNN1D_V1/20251216_145031_747984_gyd58n_1318865/PICNN1D_V1_20251216_145031_747984_gyd58n_1318865.pth,"{'max_cuda_memory': 3579362304.0, 'max_cpu_memory': 588.0, 'total_cuda_memory': 4241545216.0, 'total_cpu_memory': 88.0, 'total_cpu_time': 863028.875, 'total_gpu_time': 139159.9375, 'flops': 0.0}","{""learning_rate"": 0.001, ""batch_size"": 64, ""epochs"": 20, ""patience"": 2, ""lag"": 8, ""horizon"": 1, ""physics_weight"": 1.0}"
20251216_150233_514677_fp2j6g_1326848,PICNN1D_V1,298235525,298235525,"[0.5441041303533267, 0.1153411426291635, 0.08186860546200446, 0.0684575110919083, 0.06651114339738352, 0.06104254332415972, 0.057467133949676556, 0.053886782724674266, 0.053640837452596915, 0.05020406975948272, 0.04773368109348403, 0.052358398562491346, 0.04641745793412632, 0.044879918060598406, 0.04152135127494101, 0.04000857117134736, 0.04022379289406633, 0.03833013625771124, 0.03665016471776492, 0.034822305260459235]",[],441.1236310005188,/data/carlisle/out/runs/PICNN1D_V1/20251216_150233_514677_fp2j6g_1326848/PICNN1D_V1_20251216_150233_514677_fp2j6g_1326848.pth,"{'max_cuda_memory': 4772306944.0, 'max_cpu_memory': 592.0, 'total_cuda_memory': 4241544704.0, 'total_cpu_memory': 88.0, 'total_cpu_time': 881151.8125, 'total_gpu_time': 162058.203125, 'flops': 0.0}","{""learning_rate"": 0.001, ""batch_size"": 64, ""epochs"": 20, ""patience"": 2, ""lag"": 8, ""horizon"": 1, ""physics_weight"": 1.0}"
20251216_152326_767958_5jet6u_1339217,PICNN1D_V1,298235525,298235525,"[0.5332418896723539, 0.10867852345108986, 0.0803274615900591, 0.06774194352328777, 0.06534629978705198, 0.06070235313382, 0.05703285429626703, 0.05325563496444374, 0.0534185622818768, 0.04814107227139175, 0.04738492576871067, 0.052882340911310166, 0.045155715371947736, 0.043861226295121014, 0.04129531577927992, 0.040046253125183284, 0.039482305699493736, 0.03876560484059155, 0.0369713909458369, 0.03711232740897685]",[],438.17022252082825,/data/carlisle/out/runs/PICNN1D_V1/20251216_152326_767958_5jet6u_1339217/PICNN1D_V1_20251216_152326_767958_5jet6u_1339217.pth,"{'max_cuda_memory': 4772305408.0, 'max_cpu_memory': 604.0, 'total_cuda_memory': 4390442496.0, 'total_cpu_memory': 88.0, 'total_cpu_time': 842099.0, 'total_gpu_time': 162036.15625, 'flops': 0.0}","{""learning_rate"": 0.001, ""batch_size"": 64, ""epochs"": 20, ""patience"": 2, ""lag"": 8, ""horizon"": 1, ""physics_weight"": 1.0}"
20251216_154559_028064_xwtcpz_1354399,PICNN1D_V1,298235525,298235525,"[0.7934560657489781, 0.32555827998364123, 0.23711232903606363, 0.2264462844888493, 0.22417484163057222, 0.21894429675509772, 0.21503442749308138, 0.21528333263038588, 0.2137386044914876, 0.2084258227801145, 0.20860925420208787, 0.21356017438227065, 0.20998632559852265, 0.20662582714933822, 0.2047224471670361, 0.20350710606405473, 0.20259475771071744, 0.20337982388375975, 0.2017788162544145, 0.20092355629106887]",[],442.4069626331329,/data/carlisle/out/runs/PICNN1D_V1/20251216_154559_028064_xwtcpz_1354399/PICNN1D_V1_20251216_154559_028064_xwtcpz_1354399.pth,"{'max_cuda_memory': 4772307456.0, 'max_cpu_memory': 600.0, 'total_cuda_memory': 4241544704.0, 'total_cpu_memory': 88.0, 'total_cpu_time': 910381.0, 'total_gpu_time': 164079.375, 'flops': 0.0}","{""learning_rate"": 0.001, ""batch_size"": 64, ""epochs"": 20, ""patience"": 2, ""lag"": 8, ""horizon"": 1, ""physics_weight"": 1.0}"
20251216_155437_482126_2m9eup_1362757,PICNN1D_V1,298235525,298235525,"[0.5675301751420124, 0.11460436343138661, 0.07798740013780028, 0.06512468834448763, 0.06309155439354616, 0.05769249725961476, 0.05385193311515365, 0.05106959013583492, 0.050764125000846906, 0.04563868381920705, 0.04473559319362187, 0.05094718793077395, 0.04250585031692259, 0.04131413060322809, 0.03903699964709283, 0.03748852208062985, 0.036231546160430186, 0.03543622834724872, 0.03427110914604241, 0.03360320386126087]",[],441.026903629303,/data/carlisle/out/runs/PICNN1D_V1/20251216_155437_482126_2m9eup_1362757/PICNN1D_V1_20251216_155437_482126_2m9eup_1362757.pth,"{'max_cuda_memory': 4772307456.0, 'max_cpu_memory': 604.0, 'total_cuda_memory': 4241545216.0, 'total_cpu_memory': 88.0, 'total_cpu_time': 899455.3125, 'total_gpu_time': 162981.8125, 'flops': 0.0}","{""learning_rate"": 0.001, ""batch_size"": 64, ""epochs"": 20, ""patience"": 2, ""lag"": 8, ""horizon"": 1, ""physics_weight"": 1.0}"
20251216_161132_157239_4ng5id_1373770,PICNN1D_V1,298235525,298235525,"[0.5434564515016973, 0.11696761124767363, 0.07910863065626472, 0.066376568749547, 0.06446918484289199, 0.058845260413363576, 0.05484205926768482, 0.05190633365418762, 0.052126755472272635, 0.04621452238643542, 0.04550369578646496, 0.05124512757174671, 0.04520186851732433, 0.04293573013273999, 0.040504541364498436, 0.039010950829833746, 0.038314800593070686, 0.03759141598129645, 0.03627921955194324, 0.03541097859852016]",[],439.6316769123077,/data/carlisle/out/runs/PICNN1D_V1/20251216_161132_157239_4ng5id_1373770/PICNN1D_V1_20251216_161132_157239_4ng5id_1373770.pth,"{'max_cuda_memory': 4772305920.0, 'max_cpu_memory': 604.0, 'total_cuda_memory': 4390443008.0, 'total_cpu_memory': 88.0, 'total_cpu_time': 855788.6875, 'total_gpu_time': 163478.921875, 'flops': 0.0}","{""learning_rate"": 0.001, ""batch_size"": 64, ""epochs"": 20, ""patience"": 2, ""lag"": 8, ""horizon"": 1, ""physics_weight"": 1.0}"
20251216_162546_856008_ifp29n_1390717,PICNN1D_V1,298235525,298235525,"[0.5627205859192876, 0.1114068808951317, 0.07812624170843657, 0.06543424210995635, 0.06396448994072887, 0.057821544998309306, 0.054563108457524004, 0.051383809325084705, 0.050613178613217645, 0.04477921728285263, 0.04454448259519823, 0.05072202712468205, 0.04236005390717781, 0.04029527632062706, 0.03746882773173543, 0.03605375849453452, 0.0351601894755335, 0.03486632633004256, 0.033400152187395296, 0.03286950472393875]",[],442.98595547676086,/data/carlisle/out/runs/PICNN1D_V1/20251216_162546_856008_ifp29n_1390717/PICNN1D_V1_20251216_162546_856008_ifp29n_1390717.pth,"{'max_cuda_memory': 4772307456.0, 'max_cpu_memory': 588.0, 'total_cuda_memory': 4241545216.0, 'total_cpu_memory': 88.0, 'total_cpu_time': 905623.75, 'total_gpu_time': 163120.109375, 'flops': 0.0}","{""learning_rate"": 0.001, ""batch_size"": 64, ""epochs"": 20, ""patience"": 2, ""lag"": 8, ""horizon"": 1, ""physics_weight"": 1.0}"
20251216_164024_011065_3l3jwe_1400541,1DCNN_V1,298235525,298235525,"[0.5219870270229876, 0.1113864229992032, 0.079524039872922, 0.06744675268419087, 0.06487262865994126, 0.05969267338514328, 0.05605442286469042, 0.052887969301082194, 0.05236084060743451, 0.047342985519208014, 0.04695508920121938, 0.05133333062985912, 0.04527754843002185, 0.042839458503294736, 0.04030910204164684, 0.039411398174706846, 0.038781581446528435, 0.03792908386094496, 0.036568593699485064, 0.03616905631497502]",[],432.8827867507935,,"{'max_cuda_memory': 4772280832.0, 'max_cpu_memory': 76.0, 'total_cuda_memory': 3943738368.0, 'total_cpu_memory': 88.0, 'total_cpu_time': 771427.875, 'total_gpu_time': 157679.484375, 'flops': 114296291328.0}","{""learning_rate"": 0.001, ""batch_size"": 64, ""epochs"": 20, ""patience"": 2, ""lag"": 8, ""horizon"": 1}"
20251217_162625_049505_tx9mlf_2487587,HDL_FM_V1,574729960,574729960,[0.3222200910059305],[],124.19022226333618,,"{'max_cuda_memory': 6899428864.0, 'max_cpu_memory': 4428.0, 'total_cuda_memory': 7116291584.0, 'total_cpu_memory': 40.0, 'total_cpu_time': 962392.0625, 'total_gpu_time': 477995.25, 'flops': 146392940544.0}","{""learning_rate"": 0.001, ""batch_size"": 32, ""epochs"": 1, ""patience"": 3, ""lag"": 1, ""horizon"": 1}"
20251217_163010_124356_bp0j20_2490453,HDL_FM_V1,574729960,574729960,"[0.37080819285832917, 0.028732132940338207, 0.019463383134167928, 0.017882402928975912, 0.015491948620631144, 0.01150792333512352, 0.008393340493337465, 0.007276357051271659, 0.007773855049163103, 0.007292410430426781, 0.006694011741246168, 0.005612812033639504, 0.005417374428361654, 0.005792365169439179, 0.0107782142308469, 0.004416931811003731, 0.004055278837824097, 0.005175459306113995, 0.0038810909295884464, 0.005702821537852287, 0.0046857952104451565, 0.003509239533629555, 0.002945120858315092, 0.002819155756599055, 0.0027518715028865977, 0.003018017252907157, 0.002783520525106444, 0.0030665907005851087, 0.002387531130359723, 0.003082446494283011, 0.002372870828884725, 0.0028563899686560035, 0.003482663989640199, 0.0022374955453695012, 0.0021846895213597094, 0.0021778392157732296, 0.0020979084486428363, 0.001674745323208089, 0.0019400534775251379, 0.0017016151311019293, 0.0018765619991777036, 0.0021903988726150532, 0.0017822932004212186, 0.0020638501396975837, 0.0027646232378454164, 0.005331539634901744, 0.0027397690788627817, 0.004730229814035388, 0.001799230261419255, 0.0016094567934767559]",[],1289.155213356018,,"{'max_cuda_memory': 6899422208.0, 'max_cpu_memory': 44.0, 'total_cuda_memory': 7116288000.0, 'total_cpu_memory': 48.0, 'total_cpu_time': 918766.625, 'total_gpu_time': 469448.3125, 'flops': 146392940544.0}","{""learning_rate"": 0.001, ""batch_size"": 32, ""epochs"": 50, ""patience"": 2, ""lag"": 1, ""horizon"": 1}"
20251218_152543_669964_8zy5h1_3635084,USSR_CNN1D_COMBINED,4287948,1972619,,,29163.88491392136,,"{'max_cpu_memory': np.float64(1256.0546875), 'total_cpu_time': np.float64(110222814.195), 'total_gpu_time': np.float64(5746501.978515625), 'max_cuda_memory': 322338816.0, 'total_cpu_memory': 0, 'total_gpu_memory': 0}",
20251218_152829_263963_dpwjpz_3639865,USSR_CNN1D_COMBINED,4287948,1972619,,,29163.88491392136,,"{'max_cpu_memory': np.float64(1256.0546875), 'total_cpu_time': np.float64(110222814.195), 'total_gpu_time': np.float64(5746501.978515625), 'max_cuda_memory': 322338816.0, 'total_cpu_memory': 0, 'total_gpu_memory': 0}",
20251220_132658_535017_9980ac_415636,HDL_FM_V1,574729960,574729960,"[0.14964841694379125, 0.02747268554619478, 0.024995437354020034, 0.02121284311523533, 0.01868466927513537, 0.013676343428838344, 0.012468466599194603, 0.009373858677692542, 0.008194693813868266, 0.006393193291279822, 0.005569193978751263, 0.005140701729185766, 0.004787852912999064, 0.0041825662932237825, 0.004712220836779146, 0.0037461225848062006, 0.004025412473262408, 0.005847310199036142, 0.0026291042463214113, 0.0026982144931622758, 0.0023902561204536383, 0.0020040431449132906, 0.0019279453434220706, 0.0018272293953292555, 0.002221622804218889, 0.0015947087727867437, 0.0015810111036367771, 0.0014629505671567874, 0.0014259361560662626, 0.0011842757079551238, 0.0013013418589697312, 0.0013681173205503639, 0.001307348208635235, 0.0011094344494587082, 0.0009138978411663921, 0.0011780005448696893, 0.000979858148000594, 0.000805988302409919, 0.0008664318828715567, 0.0007994919575445127, 0.0009109442684806542, 0.0008359109200377244, 0.0008453887704900245, 0.0007865555615089692, 0.0007132117517420467, 0.0007860613458093171, 0.0007404768014129408, 0.0006894527215560373, 0.0006515515871783221, 0.0007244715721920516]",[],13272.952911615372,,"{'max_cuda_memory': 6900458496.0, 'max_cpu_memory': 40.0, 'total_cuda_memory': 7003717632.0, 'total_cpu_memory': 48.0, 'total_cpu_time': 804178.5, 'total_gpu_time': 332285.46875, 'flops': 36598235136.0}","{""learning_rate"": 0.001, ""batch_size"": 8, ""epochs"": 50, ""patience"": 2, ""lag"": 1, ""horizon"": 1}"
20251220_223053_686019_52cpt5_1181847,1DCNN_V1,298235525,298235525,"[0.5286133456975222, 0.10856889956630766, 0.08014451386407018, 0.06788880203384906, 0.06578305654693395, 0.05944871937390417, 0.056079356581903994, 0.052905573160387576, 0.05250681331381202, 0.04664900409989059, 0.045848711277358234, 0.050972188473679125, 0.044829077553004026, 0.04215522966114804, 0.03979136032285169, 0.03810797265032306, 0.037159621715545654, 0.03742480312939733, 0.03573811933165416, 0.034374099457636476]",[],439.0460262298584,,"{'max_cuda_memory': 4772280832.0, 'max_cpu_memory': 80.0, 'total_cuda_memory': 3943738368.0, 'total_cpu_memory': 88.0, 'total_cpu_time': 1122077.375, 'total_gpu_time': 173906.5, 'flops': 114296291328.0}","{""learning_rate"": 0.001, ""batch_size"": 64, ""epochs"": 20, ""patience"": 2, ""lag"": 8, ""horizon"": 1}"
20251220_225502_990888_jy25ke_1196243,PICNN1D_V1,298235525,298235525,"[0.5610663019369775, 0.10588136559180263, 0.07740767035439065, 0.06391315999739446, 0.06335859682941851, 0.05744158208919768, 0.054050828576379405, 0.050101545440559, 0.05010051714164307, 0.04435661632052979, 0.04451746473661318, 0.04884813678025781, 0.04163396224885736, 0.04042734062024522, 0.036649663359871326, 0.035811884823932, 0.03445693359982008, 0.034179390611791455, 0.032484412182666206, 0.03210994806012072]",[],446.40629267692566,/data/carlisle/out/runs/PICNN1D_V1/20251220_225502_990888_jy25ke_1196243/PICNN1D_V1_20251220_225502_990888_jy25ke_1196243.pth,"{'max_cuda_memory': 4772307456.0, 'max_cpu_memory': 604.0, 'total_cuda_memory': 4241544704.0, 'total_cpu_memory': 88.0, 'total_cpu_time': 974559.0625, 'total_gpu_time': 163375.203125, 'flops': 0.0}","{""learning_rate"": 0.001, ""batch_size"": 64, ""epochs"": 20, ""patience"": 2, ""lag"": 8, ""horizon"": 1, ""physics_weight"": 1.0}"
20251220_232201_112567_u2963n_1214031,USSR_CNN1D_COMBINED,4287948,1972619,,,29163.88491392136,,"{'max_cpu_memory': np.float64(1256.0546875), 'total_cpu_time': np.float64(110222814.195), 'total_gpu_time': np.float64(5746501.978515625), 'max_cuda_memory': 322338816.0, 'total_cpu_memory': 0, 'total_gpu_memory': 0}",
20251221_132324_614645_apcj2r_3255388,USSR_CNN1D_COMBINED,10873452,1971921,,,29125.791584968567,,"{'max_cpu_memory': np.float64(1256.0546875), 'total_cpu_time': np.float64(159056706.0075), 'total_gpu_time': np.float64(6255327.60546875), 'max_cuda_memory': 322338816.0, 'total_cpu_memory': 0, 'total_gpu_memory': 0}",
20251221_132647_083212_x20oaq_3258006,USSR_CNN1D_COMBINED,10873452,1971921,,,29125.791584968567,,"{'max_cpu_memory': np.float64(1256.0546875), 'total_cpu_time': np.float64(159056706.0075), 'total_gpu_time': np.float64(6255327.60546875), 'max_cuda_memory': 322338816.0, 'total_cpu_memory': 0, 'total_gpu_memory': 0}",
20251222_142303_830308_llvuid_2137156,USSR_CNN1D_COMBINED,6771948,1973546,,,7193.242535829544,,"{'max_cpu_memory': np.float64(2057.33203125), 'total_cpu_time': np.float64(85964866.92), 'total_gpu_time': np.float64(3421937.837890625), 'max_cuda_memory': 333643776.0, 'total_cpu_memory': 0, 'total_gpu_memory': 0}",
20251222_152747_044998_b1qb1i_2505294,USSR_CNN1D_COMBINED,4441548,1975691,,,7187.869643688202,,"{'max_cpu_memory': np.float64(2057.33203125), 'total_cpu_time': np.float64(46093658.2325), 'total_gpu_time': np.float64(1912257.91015625), 'max_cuda_memory': 333643776.0, 'total_cpu_memory': 0, 'total_gpu_memory': 0}",
20251223_123256_914286_muiedf_727052,USSR_CNN1D_COMBINED,4441548,1975691,,,18399.355839967728,,"{'max_cpu_memory': np.float64(1304.26171875), 'total_cpu_time': np.float64(45807372.4475), 'total_gpu_time': np.float64(1788045.45703125), 'max_cuda_memory': 333643776.0, 'total_cpu_memory': 0, 'total_gpu_memory': 0}",
