run_id,model,mse,rmse,inference_latency,hit_rate,csi,f2_score,f3_score,nse,flops,mRMSE,pred_memory_usage
20250920_070828_032711_tybtk9_2407630,1DCNN_V1,0.0348658487200737,0.1867239907458966,0.0340344905853271,,0.8000241050605821,0.771579082393686,0.6284932327880602,0.9586361050605774,595303168.0,0.1476788836494996,"{'max_cuda_memory': 7424770560.0, 'max_cpu_memory': 8.0, 'total_cuda_memory': 3093298176.0, 'total_cpu_memory': 0.0, 'total_cpu_time': 488285.21875, 'total_gpu_time': 285796.625, 'flops': 0.0}"
20250920_074023_476222_j3uvcx_2420731,1DCNN_V1,0.0320406444370746,0.1789990068047157,0.0344579219818115,,0.8123481403387545,0.7864889588999512,0.6505554621163122,0.961987853050232,595303168.0,0.1369262279052344,"{'max_cuda_memory': 7424770560.0, 'max_cpu_memory': 8.0, 'total_cuda_memory': 3093298176.0, 'total_cpu_memory': 0.0, 'total_cpu_time': 494798.125, 'total_gpu_time': 286257.1875, 'flops': 0.0}"
20250920_074446_190730_41p3tz_2423000,PICNN1D_V1,0.0387853942811489,0.1969400778946451,0.0619029998779296,,0.7985821498799055,0.736225951655294,0.6595204979844226,0.9539860486984252,595303168.0,0.1717034155339574,"{'max_cuda_memory': 7424770560.0, 'max_cpu_memory': 8.0, 'total_cuda_memory': 3093298176.0, 'total_cpu_memory': 0.0, 'total_cpu_time': 933467.75, 'total_gpu_time': 718025.75, 'flops': 0.0}"
20250921_094422_034698_wsg3pw_2476281,USSR_CNN1D_COMBINED,0.079431361399759,0.2818356992997143,177.95360922813416,,0.7818598971084738,0.758777849432871,0.5868018418925505,0.8691549912879342,2875828063.9992013,0.2094989765817354,"{'max_cuda_memory': 725319680.0, 'max_cpu_memory': 4648488.0, 'total_cpu_time': 1889780.375, 'total_gpu_time': 305253.6875, 'total_cpu_memory': 0, 'total_gpu_memory': 0}"
20250921_095155_148856_gczm80_2480041,USSR_CNN1D_COMBINED,0.079431361399759,0.2818356992997143,184.4743795394897,,0.7818598971084738,0.758777849432871,0.5868018418925505,0.8691549912879342,2875828064.001017,0.2094989765817354,"{'max_cuda_memory': 725319680.0, 'max_cpu_memory': 4648488.0, 'total_cpu_time': 1635647.375, 'total_gpu_time': 303792.625, 'total_cpu_memory': 0, 'total_gpu_memory': 0}"
20250921_095936_393669_34a38q_2484190,HDL_FM_V1,0.0013294732316285,0.0364619422360974,6.307223558425903,,0.9676494395632196,0.9437177066849448,0.9592306120047144,0.997793869640594,2308641480.0,0.0289887868257222,"{'max_cuda_memory': 11860825088.0, 'max_cpu_memory': 618248896.0, 'total_cuda_memory': 1312249856.0, 'total_cpu_memory': 20.0, 'total_cpu_time': 14138678.0, 'total_gpu_time': 6977300.0, 'flops': 0.0}"
20251001_160654_533844_dh2dcd_418446,1DCNN_V1,0.0789378434419632,0.2809587931387149,0.0743732452392578,,0.6865867738331117,0.5537937857846592,0.5059665357146761,0.9063502550125122,595303168.0,0.2632406593976922,"{'max_cuda_memory': 7424770560.0, 'max_cpu_memory': 8.0, 'total_cuda_memory': 3093298176.0, 'total_cpu_memory': 0.0, 'total_cpu_time': 1171035.5, 'total_gpu_time': 806685.9375, 'flops': 0.0}"
20251001_173140_139362_zp3hpo_468111,PICNN1D_V1,0.036019317805767,0.1897875596707199,0.083500862121582,0.92,0.7998989416144242,0.7300135522290547,0.669683272614218,0.9572676420211792,595303168.0,0.1649387494918399,"{'max_cuda_memory': 7424770560.0, 'max_cpu_memory': 8.0, 'total_cuda_memory': 3093298688.0, 'total_cpu_memory': 0.0, 'total_cpu_time': 1327170.25, 'total_gpu_time': 1007119.3125, 'flops': 0.0}"
20251001_223718_322115_186gp2_488004,USSR_CNN1D_COMBINED,0.0794313148178748,0.2818356166595607,188.6876347064972,0.95,0.7818597209516011,0.7587777085187712,0.5868014543360319,0.8691550777818924,2875828063.999201,0.2094989093064573,"{'max_cuda_memory': 725319680.0, 'max_cpu_memory': 4648488.0, 'total_cpu_time': 1364591.25, 'total_gpu_time': 168126.125, 'total_cpu_memory': 0, 'total_gpu_memory': 0}"
20251001_225514_395840_6qva05_492506,HDL_FM_V1,0.0014661993470661,0.0382909825816232,4.667645454406738,0.99,0.9660469205908456,0.9403391935535134,0.9578015682190232,0.9969398330028792,2308641480.0,0.0309450860685888,"{'max_cuda_memory': 11860825088.0, 'max_cpu_memory': 618248896.0, 'total_cuda_memory': 1383789568.0, 'total_cpu_memory': -8.0, 'total_cpu_time': 9164430.0, 'total_gpu_time': 4319640.5, 'flops': 0.0}"
20251002_114141_755960_ag5qfn_1257988,1DCNN_V1,0.0412167496979236,0.2030190870285936,0.0386989116668701,0.97,0.7921075248258673,0.7733254151127718,0.6029971593648303,0.951101541519165,595303168.0,0.1550424705374922,"{'max_cuda_memory': 7424770560.0, 'max_cpu_memory': 8.0, 'total_cuda_memory': 3093298176.0, 'total_cpu_memory': 0.0, 'total_cpu_time': 587989.625, 'total_gpu_time': 285615.5625, 'flops': 0.0}"
20251024_180959_577258_htj3l9_1016652,USSR_CNN1D_COMBINED,0.0852438984158679,0.2919655774502672,231.3121840953827,0.9474868393782062,0.7676107445305264,0.74543121700628,0.5574010165852992,0.8775362381361481,3197757504.000726,0.2208404519280336,"{'max_cuda_memory': 730562560.0, 'max_cpu_memory': 4648488.0, 'total_cpu_time': 1953713.375, 'total_gpu_time': 226312.609375, 'total_cpu_memory': 0, 'total_gpu_memory': 0}"
20251026_091510_157463_mtyx4o_1363593,USSR_CNN1D_COMBINED,0.1861700786669787,0.4314743082351239,183.5523633956909,0.9363526829640768,0.7340629648843133,0.7224285536253644,0.4797603410275756,0.7815938441825092,2239557983.997967,0.325447367140885,"{'max_cuda_memory': 730562560.0, 'max_cpu_memory': 4648488.0, 'total_cpu_time': 1730211.0, 'total_gpu_time': 168189.421875, 'total_cpu_memory': 0, 'total_gpu_memory': 0}"
20251028_100147_263551_86g17i_4041318,USSR_CNN1D_COMBINED,0.2065205429076686,0.4544453134400977,186.497624874115,0.9351063952715072,0.7304280775574609,0.719483351613693,0.4718008810586895,0.7599567221967798,1600758304.000363,0.3454223972300677,"{'max_cuda_memory': 730562560.0, 'max_cpu_memory': 4648488.0, 'total_cpu_time': 1521463.5, 'total_gpu_time': 168613.125, 'total_cpu_memory': 0, 'total_gpu_memory': 0}"
20251028_120439_496183_oz4x9j_4159185,USSR_CNN1D_COMBINED,0.2153024622466751,0.464006963575629,196.3925399780273,0.946723923347222,0.767526196701838,0.75628873013463,0.546289859970884,0.5859612163744474,1933258943.998257,0.3405326685023091,"{'max_cuda_memory': 730562560.0, 'max_cpu_memory': 4648488.0, 'total_cpu_time': 1261931.25, 'total_gpu_time': 159508.1875, 'total_cpu_memory': 0, 'total_gpu_memory': 0}"
20251028_121133_713039_dykrto_4161633,USSR_CNN1D_COMBINED,0.0005970848305126,0.0244353193249571,219.69489860534668,0.9958337944744662,0.9766712721188232,0.9540002675816368,0.9760135487748324,0.9991601622642432,2572058623.997676,0.0221888797877548,"{'max_cuda_memory': 730562560.0, 'max_cpu_memory': 4648488.0, 'total_cpu_time': 1536152.125, 'total_gpu_time': 159602.234375, 'total_cpu_memory': 0, 'total_gpu_memory': 0}"
20251028_192155_567315_ctgei0_1284780,USSR_CNN1D_COMBINED,0.0287979206760042,0.1696995011071166,428.42946434021,0.9704293143397146,0.8521935102936519,0.8123230441550492,0.7442574867259064,0.9285267322583306,10541061471.997677,0.1372663199006454,"{'max_cuda_memory': 730562560.0, 'max_cpu_memory': 4648488.0, 'total_cpu_time': 919676.9375, 'total_gpu_time': 148146.265625, 'total_cpu_memory': 0, 'total_gpu_memory': 0}"
20251029_121042_645117_yrchck_1361009,USSR_CNN1D_COMBINED,0.0287979206760042,0.1696995011071166,383.079603433609,0.9704293143397146,0.8521935102936519,0.8123230441550492,0.7442574867259064,0.9285267322583306,1150025728.0,0.1372663199006454,"{'max_cuda_memory': 730562560.0, 'max_cpu_memory': 4648488.0, 'total_cpu_time': 1646971.5, 'total_gpu_time': 151061.4375, 'total_cpu_memory': 0, 'total_gpu_memory': 0}"
20251102_101158_218562_mgqbh5_1764735,USSR_CNN1D_COMBINED,0.0287979206760042,0.1696995011071166,150.58383655548096,0.9704293143397146,0.8521935102936519,0.8123230441550492,0.7442574867259064,0.9285267322583306,4472464511.995933,0.1372663199006454,"{'max_cuda_memory': 730333184.0, 'max_cpu_memory': 4648488.0, 'total_cpu_time': 1063291.25, 'total_gpu_time': 164616.65625, 'total_cpu_memory': 0, 'total_gpu_memory': 0}"
20251103_092345_476988_t1n5rp_1852172,USSR_CNN1D_COMBINED,0.0287979206760042,0.1696995011071166,22.663354635238647,0.9704293143397146,0.8521935102936519,0.8123230441550492,0.7442574867259064,0.9285267322583306,208941875200.0,0.1372663199006454,"{'max_cuda_memory': 730562560.0, 'max_cpu_memory': 4648488.0, 'total_cpu_time': 1962282.25, 'total_gpu_time': 165592.515625, 'total_cpu_memory': 0, 'total_gpu_memory': 0}"
20251103_093820_883594_wjr4nv_1858378,USSR_CNN1D_COMBINED,0.0287979206760042,0.1696995011071166,27.24623727798462,0.9704293143397146,0.8521935102936519,0.8123230441550492,0.7442574867259064,0.9285267322583306,208941875200.0,0.1372663199006454,"{'max_cuda_memory': 730562560.0, 'max_cpu_memory': 0, 'total_cpu_time': 2004300.875, 'total_gpu_time': 152236.0, 'total_cpu_memory': 0, 'total_gpu_memory': 0}"
20251103_112620_217090_sgttd8_1886774,USSR_CNN1D_COMBINED,0.0287979206760042,0.1696995011071166,49.89342498779297,0.9704293143397146,0.8521935102936519,0.8123230441550492,0.7442574867259064,0.9285267322583306,1150025728.0,0.1372663199006454,"{'max_cuda_memory': 730562560.0, 'max_cpu_memory': 0, 'total_cpu_time': 1264321.25, 'total_gpu_time': 152569.234375, 'total_cpu_memory': 0, 'total_gpu_memory': 0}"
20251103_112929_657625_te1bjb_1888948,USSR_CNN1D_COMBINED,0.0287979206760042,0.1696995011071166,31.654598712921143,0.9704293143397146,0.8521935102936519,0.8123230441550492,0.7442574867259064,0.9285267322583306,1150025728.0,0.1372663199006454,"{'max_cuda_memory': 730333184.0, 'max_cpu_memory': 0, 'total_cpu_time': 1293046.375, 'total_gpu_time': 253750.34375, 'total_cpu_memory': 0, 'total_gpu_memory': 0}"
20251103_113235_467341_7y9jjm_1891083,USSR_CNN1D_COMBINED,0.0287979206760042,0.1696995011071166,32.76284337043762,0.9704293143397146,0.8521935102936519,0.8123230441550492,0.7442574867259064,0.9285267322583306,1150025728.0,0.1372663199006454,"{'max_cuda_memory': 730595328.0, 'max_cpu_memory': 0, 'total_cpu_time': 1157970.0, 'total_gpu_time': 245623.9375, 'total_cpu_memory': 0, 'total_gpu_memory': 0}"
20251124_143929_332919_zo4i97_2375988,1DCNN_V1,0.0740387663245201,0.2721006547667978,0.0384800434112548,0.9978274862862064,0.669418189042735,0.6679607024371386,0.3402938646910664,0.91216242313385,595303168.0,0.1982032850458072,"{'max_cuda_memory': 7424770560.0, 'max_cpu_memory': 8.0, 'total_cuda_memory': 3093299200.0, 'total_cpu_memory': 0.0, 'total_cpu_time': 589949.6875, 'total_gpu_time': 43160.953125, 'flops': 0.0}"
20251124_145842_362664_mgriia_2382592,PICNN1D_V1,0.0523327365517616,0.2287634947970537,0.0274684429168701,0.9161312478439084,0.6498293587498766,0.5903396540148722,0.3591484222347576,0.9379138350486756,595303168.0,0.1826759896490808,"{'max_cuda_memory': 7424770560.0, 'max_cpu_memory': 8.0, 'total_cuda_memory': 3093298688.0, 'total_cpu_memory': 0.0, 'total_cpu_time': 402404.75, 'total_gpu_time': 25992.98046875, 'flops': 0.0}"
20251124_164220_293326_g4zvz0_2401017,1DCNN_V1,0.0468339994549751,0.2164116435291205,0.0384707450866699,0.986982427464332,0.6477720210311199,0.6392283843505635,0.3040876787427962,0.9444373846054076,595303168.0,0.1251131380195825,"{'max_cuda_memory': 7424770560.0, 'max_cpu_memory': 8.0, 'total_cuda_memory': 3093298688.0, 'total_cpu_memory': 0.0, 'total_cpu_time': 598610.8125, 'total_gpu_time': 218906.71875, 'flops': 0.0}"
20251125_105648_938037_v9r9uu_2466620,PICNN1D_V1,0.0498720370233058,0.2233204805281098,0.0283057689666748,0.9369557024424756,0.6650518283585815,0.6203029408189508,0.3748525442567937,0.9408331513404846,595303168.0,0.1709730639327447,"{'max_cuda_memory': 7424770560.0, 'max_cpu_memory': 8.0, 'total_cuda_memory': 3093298688.0, 'total_cpu_memory': 0.0, 'total_cpu_time': 391043.0625, 'total_gpu_time': 182237.078125, 'flops': 0.0}"
20251125_123333_730479_jm6w8s_9377,PICNN1D_V1,0.0547908395528793,0.2340744316513004,0.0200476646423339,0.9966981982288982,0.7238189666266007,0.7214211427414852,0.4500357571383169,0.9349976181983948,595303168.0,0.1633085228077656,"{'max_cuda_memory': 7424770560.0, 'max_cpu_memory': 8.0, 'total_cuda_memory': 3093300224.0, 'total_cpu_memory': 0.0, 'total_cpu_time': 229612.921875, 'total_gpu_time': 87073.0, 'flops': 0.0}"
20251125_145352_700192_45sg30_38540,PICNN1D_V1,0.0562252737581729,0.2371186912880825,0.0115525722503662,0.9809501927087236,0.7475211481753408,0.7330044745208181,0.5095589700052043,0.9332958459854126,595303168.0,0.1786214677489453,"{'max_cuda_memory': 7424770560.0, 'max_cpu_memory': 0.0, 'total_cuda_memory': 3093298176.0, 'total_cpu_memory': -4.0, 'total_cpu_time': 111888.921875, 'total_gpu_time': 86814.828125, 'flops': 0.0}"
20251125_150031_294042_sq9098_43491,PICNN1D_V1,0.041781660169363,0.2044056265599433,0.0120890140533447,0.9496775668890464,0.7569951990574558,0.7168828055482888,0.5541027916240788,0.9504313468933104,595303168.0,0.1599106417290117,"{'max_cuda_memory': 7424770560.0, 'max_cpu_memory': 8.0, 'total_cuda_memory': 3093298176.0, 'total_cpu_memory': 0.0, 'total_cpu_time': 113150.96875, 'total_gpu_time': 87103.5, 'flops': 0.0}"
20251125_150657_041817_d5hjeh_48092,PICNN1D_V1,0.0704926550388336,0.2655045292247076,0.0121135711669921,0.9980711001587984,0.6773114928066509,0.6760025018633096,0.3559319765566433,0.9163694381713868,595303168.0,0.1918319716652413,"{'max_cuda_memory': 7424770560.0, 'max_cpu_memory': 8.0, 'total_cuda_memory': 3093298176.0, 'total_cpu_memory': 0.0, 'total_cpu_time': 113162.9765625, 'total_gpu_time': 87041.1875, 'flops': 0.0}"
20251125_151857_110308_xw6ll9_55241,PICNN1D_V1,0.0366524159908294,0.1914482070713368,0.0117115974426269,0.9792748398057528,0.780009670374221,0.7635017149826842,0.5765272961399788,0.9565165638923644,595303168.0,0.1440586922032697,"{'max_cuda_memory': 7424770560.0, 'max_cpu_memory': 8.0, 'total_cuda_memory': 3093298176.0, 'total_cpu_memory': 0.0, 'total_cpu_time': 112039.8125, 'total_gpu_time': 86864.484375, 'flops': 0.0}"
20251125_182657_735473_krahqx_91522,1DCNN_V1,0.0482567027211189,0.2196740829527209,0.0156083106994628,0.9890666674013752,0.671454065975996,0.6640316839769115,0.3503305139510766,0.942749559879303,595303168.0,0.1300492045468764,"{'max_cuda_memory': 7424770560.0, 'max_cpu_memory': 8.0, 'total_cuda_memory': 3093300224.0, 'total_cpu_memory': -16.0, 'total_cpu_time': 182302.21875, 'total_gpu_time': 96093.46875, 'flops': 0.0}"
20251125_183555_046647_17vilr_97782,PICNN1D_V1,0.0468859411776065,0.2165316170391903,0.0120654106140136,0.9792676981490712,0.7577317962411679,0.7416896819639267,0.5315057067595772,0.9443758130073548,595303168.0,0.1637875773905906,"{'max_cuda_memory': 7424770560.0, 'max_cpu_memory': 8.0, 'total_cuda_memory': 3093298176.0, 'total_cpu_memory': 0.0, 'total_cpu_time': 113655.96875, 'total_gpu_time': 86879.28125, 'flops': 0.0}"
20251125_185141_613702_ts2r4s_109481,PICNN1D_V1,0.1057618707418441,0.325210502201027,0.0121030807495117,0.9826853615179116,0.3553165003842389,0.3490559240168746,-0.2831064228641579,0.8745269775390625,595303168.0,0.2090137229348672,"{'max_cuda_memory': 7424770560.0, 'max_cpu_memory': 0.0, 'total_cuda_memory': 3093299200.0, 'total_cpu_memory': -4.0, 'total_cpu_time': 115526.6015625, 'total_gpu_time': 87294.203125, 'flops': 0.0}"
20251125_124127_983691_lk9obs_15223,1DCNN_V1,0.0538889877498149,0.232140017553663,0.0152904987335205,0.9860357410552744,0.6192203885811303,0.6104509763884785,0.2472101893549122,0.9360675811767578,595303168.0,0.1229238159685422,"{'max_cuda_memory': 7424770560.0, 'max_cpu_memory': 8.0, 'total_cuda_memory': 3093297664.0, 'total_cpu_memory': 0.0, 'total_cpu_time': 177956.859375, 'total_gpu_time': 96293.296875, 'flops': 0.0}"
20251126_152919_880041_f006bo_182385,1DCNN_V1,0.0987310856580734,0.3142150309232094,0.0159380435943603,0.986654817558586,0.6467494290374506,0.6380016998713963,0.3022465872409555,0.8828681111335754,595303168.0,0.2421951292743643,"{'max_cuda_memory': 7424770560.0, 'max_cpu_memory': 0.0, 'total_cuda_memory': 3093298176.0, 'total_cpu_memory': -4.0, 'total_cpu_time': 190148.8125, 'total_gpu_time': 95517.375, 'flops': 0.0}"
20251126_154128_025468_xmmo3p_189498,PICNN1D_V1,0.0465274639427661,0.2157022576209303,0.0118365287780761,0.94012797558757,0.6479670599081031,0.6067012954200056,0.3371998843043036,0.9448010921478271,595303168.0,0.1541523679232483,"{'max_cuda_memory': 7424770560.0, 'max_cpu_memory': 8.0, 'total_cuda_memory': 3093298176.0, 'total_cpu_memory': -8.0, 'total_cpu_time': 112568.0625, 'total_gpu_time': 86600.34375, 'flops': 0.0}"
20251126_154741_835787_40olts_194097,1DCNN_V1,0.0987361446022987,0.3142230809509364,0.0177619457244873,0.9942117416376276,0.6091427578141609,0.60559635465462,0.2218319187878629,0.8828620910644531,595303168.0,0.2294950606795292,"{'max_cuda_memory': 7424770560.0, 'max_cpu_memory': 8.0, 'total_cuda_memory': 3093298176.0, 'total_cpu_memory': 0.0, 'total_cpu_time': 208311.59375, 'total_gpu_time': 96218.796875, 'flops': 0.0}"
20251127_094919_667291_zw5w6d_291909,1DCNN_V1,0.0969820916652679,0.3114194786221118,0.0152177810668945,0.9949142341410632,0.6464296285074028,0.6431252333926758,0.2961636521295328,0.8849430680274963,595303168.0,0.2530070448005811,"{'max_cuda_memory': 7424770560.0, 'max_cpu_memory': 8.0, 'total_cuda_memory': 3093297664.0, 'total_cpu_memory': 0.0, 'total_cpu_time': 178668.640625, 'total_gpu_time': 95834.828125, 'flops': 0.0}"
20251127_100908_473718_avq3f7_303043,1DCNN_V1,0.056895688176155,0.2385281706133577,0.0151929855346679,0.9867219563818062,0.6319484195117081,0.6234444649534311,0.2724007935816933,0.9325004816055298,595303168.0,0.135641142745843,"{'max_cuda_memory': 7424770560.0, 'max_cpu_memory': 8.0, 'total_cuda_memory': 3093297664.0, 'total_cpu_memory': 0.0, 'total_cpu_time': 178998.375, 'total_gpu_time': 95959.78125, 'flops': 0.0}"
20251127_101928_902207_qri3h8_309487,PICNN1D_V1,0.0564090833067894,0.2375059647814963,0.0121245384216308,0.9827275226687784,0.7247246997564323,0.7119868953710163,0.4621872038982806,0.9330778121948242,595303168.0,0.1718557249445132,"{'max_cuda_memory': 7424770560.0, 'max_cpu_memory': 8.0, 'total_cuda_memory': 3093298176.0, 'total_cpu_memory': 0.0, 'total_cpu_time': 114791.2578125, 'total_gpu_time': 86728.359375, 'flops': 0.0}"
20251129_095839_883271_22sw0u_92794,1DCNN_V1,0.1032405495643615,0.3213106745260132,0.0291976928710937,0.9940461059555036,0.6329303404767013,0.6291393692509522,0.2696516521791517,0.8775182366371155,595303168.0,0.2482182518969536,"{'max_cuda_memory': 7424770560.0, 'max_cpu_memory': 8.0, 'total_cuda_memory': 3093297152.0, 'total_cpu_memory': -8.0, 'total_cpu_time': 416782.9375, 'total_gpu_time': 96492.734375, 'flops': 0.0}"
20251129_101010_715831_mebklv_97979,1DCNN_V1,0.1320947408676147,0.3634484019329494,0.0169079303741455,0.9936949322079146,0.6235891803971775,0.6196324609560517,0.2511350802354808,0.843286395072937,595303168.0,0.2820037833705706,"{'max_cuda_memory': 7424770560.0, 'max_cpu_memory': 8.0, 'total_cuda_memory': 3093297664.0, 'total_cpu_memory': -8.0, 'total_cpu_time': 197631.34375, 'total_gpu_time': 96206.984375, 'flops': 0.0}"
20251130_095904_038939_ih6yt6_168685,1DCNN_V1,0.0566308125853538,0.2379722937346989,0.0157623291015625,0.9831773382835286,0.6245781885820375,0.6138913397574441,0.2598432259886683,0.9328147172927856,595303168.0,0.1305757409398841,"{'max_cuda_memory': 7424770560.0, 'max_cpu_memory': 8.0, 'total_cuda_memory': 3093300224.0, 'total_cpu_memory': 0.0, 'total_cpu_time': 182919.9375, 'total_gpu_time': 96177.171875, 'flops': 0.0}"
20251130_101231_361548_adl47f_177038,PICNN1D_V1,0.1067408695816993,0.3267122121710472,0.0117063522338867,0.9469912164148188,0.2623471514266563,0.2476620063766174,-0.4606205520966485,0.8733655214309692,595303168.0,0.1526248063254943,"{'max_cuda_memory': 7424770560.0, 'max_cpu_memory': 0.0, 'total_cuda_memory': 3093298176.0, 'total_cpu_memory': -4.0, 'total_cpu_time': 112029.484375, 'total_gpu_time': 86926.1328125, 'flops': 0.0}"
20251130_103522_219947_g1w104_189599,PICNN1D_V1,0.0546350590884685,0.2337414363960069,0.0116698741912841,0.9660194537277924,0.7919370955639977,0.7640800425650703,0.6117312441269228,0.9351824522018432,595303168.0,0.183003297910913,"{'max_cuda_memory': 7424770560.0, 'max_cpu_memory': 0.0, 'total_cuda_memory': 3093298176.0, 'total_cpu_memory': -4.0, 'total_cpu_time': 112258.4296875, 'total_gpu_time': 86826.4609375, 'flops': 0.0}"
20251130_104158_090182_7ddys5_194335,PICNN1D_V1,0.0333202071487903,0.1825382347586125,0.0119109153747558,0.9553042135484404,0.7907722033524573,0.7537743705871375,0.6185422394702346,0.9604697823524476,595303168.0,0.1465136117368688,"{'max_cuda_memory': 7424770560.0, 'max_cpu_memory': 8.0, 'total_cuda_memory': 3093298176.0, 'total_cpu_memory': -8.0, 'total_cpu_time': 113800.4375, 'total_gpu_time': 86772.515625, 'flops': 0.0}"
20251201_162209_638446_in35h6_444260,1DCNN_V1,0.0858563259243965,0.2930125013107743,0.015479564666748,0.997028309527086,0.6434288969018833,0.6415111263585095,0.2887755643471406,0.898142397403717,595303168.0,0.2206152850867768,"{'max_cuda_memory': 7424770560.0, 'max_cpu_memory': 8.0, 'total_cuda_memory': 3093298176.0, 'total_cpu_memory': 0.0, 'total_cpu_time': 180939.15625, 'total_gpu_time': 95923.65625, 'flops': 0.0}"
20251201_172427_031808_2lcnfr_477292,1DCNN_V1,0.0278519354760646,0.166888991476564,0.0160663127899169,0.984143890823863,0.8293217691056592,0.8159600883233112,0.6720052189936666,0.9669572114944458,595303168.0,0.1244541296825577,"{'max_cuda_memory': 7424770560.0, 'max_cpu_memory': 8.0, 'total_cuda_memory': 3093298176.0, 'total_cpu_memory': 0.0, 'total_cpu_time': 185709.359375, 'total_gpu_time': 95683.71875, 'flops': 0.0}"
20251210_155009_533575_65dqtk_282423,1DCNN_V1,0.0236683506518602,0.1538452165387674,0.015913963317871,0.9852511013739678,0.8372608822254735,0.8247273505620578,0.6870552961143628,0.9719204902648926,595303168.0,0.1125738897989574,"{'max_cuda_memory': 7424770560.0, 'max_cpu_memory': 0.0, 'total_cuda_memory': 3093297664.0, 'total_cpu_memory': -4.0, 'total_cpu_time': 185914.671875, 'total_gpu_time': 95694.2734375, 'flops': 0.0}"
20251210_155850_249531_zfrxi1_288594,PICNN1D_V1,0.038124181330204,0.1952541454878846,0.012080430984497,0.9461012644865062,0.77593289800224,0.7317285367826826,0.5960701572240373,0.9547705054283142,595303168.0,0.1593619748010163,"{'max_cuda_memory': 7424770560.0, 'max_cpu_memory': 8.0, 'total_cuda_memory': 3093298176.0, 'total_cpu_memory': 0.0, 'total_cpu_time': 114445.015625, 'total_gpu_time': 86236.609375, 'flops': 0.0}"
20251210_160502_580077_01kbne_293156,PICNN1D_V1,0.0587531626224517,0.2423905167750004,0.011880874633789,0.9906913399183516,0.7357734348997371,0.7288600154252589,0.4784602892739525,0.9302968382835388,595303168.0,0.1904198766284084,"{'max_cuda_memory': 7424770560.0, 'max_cpu_memory': 8.0, 'total_cuda_memory': 3093297664.0, 'total_cpu_memory': -8.0, 'total_cpu_time': 114365.09375, 'total_gpu_time': 86477.75, 'flops': 0.0}"
20251212_105109_188824_l0e5sl_545430,PICNN1D_V1,0.0362555794417858,0.1904089794148002,0.0122308731079101,0.9468408065997318,0.7869564956696882,0.7427738070283575,0.6180956799807068,0.9569873809814452,595303168.0,0.1554596102726081,"{'max_cuda_memory': 7424770560.0, 'max_cpu_memory': 8.0, 'total_cuda_memory': 3093298176.0, 'total_cpu_memory': -8.0, 'total_cpu_time': 116515.671875, 'total_gpu_time': 86306.34375, 'flops': 0.0}"
20251212_114211_546515_pxc5ce_561305,PICNN1D_V1,0.0361382812261581,0.1901007133762473,0.0118031501770019,0.9428814286329537,0.7853061417975207,0.7377332831717273,0.6181851422208346,0.9571264982223512,595303168.0,0.1552229325311019,"{'max_cuda_memory': 7424770560.0, 'max_cpu_memory': 8.0, 'total_cuda_memory': 3093300224.0, 'total_cpu_memory': 0.0, 'total_cpu_time': 114557.671875, 'total_gpu_time': 86369.40625, 'flops': 0.0}"
20251212_121411_961639_lwbirp_573503,PICNN1D_V1,0.0367024578154087,0.1915788553452825,0.011470079421997,0.9459121737187324,0.7817634587440734,0.7370617545854741,0.608228621646746,0.9564571976661682,595303168.0,0.154409427877249,"{'max_cuda_memory': 7424770560.0, 'max_cpu_memory': 8.0, 'total_cuda_memory': 3093300224.0, 'total_cpu_memory': 0.0, 'total_cpu_time': 111989.34375, 'total_gpu_time': 86319.8125, 'flops': 0.0}"
20251212_125142_986778_dxpqdo_589065,PICNN1D_V1,0.0364858359098434,0.1910126590303466,0.0119929313659667,0.9479250333410236,0.7941198756810055,0.7504943097398205,0.6318653173031961,0.9567142128944396,595303168.0,0.158331901037698,"{'max_cuda_memory': 7424770560.0, 'max_cpu_memory': 8.0, 'total_cuda_memory': 3093299200.0, 'total_cpu_memory': 0.0, 'total_cpu_time': 113228.09375, 'total_gpu_time': 86933.28125, 'flops': 0.0}"
20251212_161621_188064_31452x_609718,1DCNN_V1,0.0264639519155025,0.1626774474704547,0.0159471035003662,0.984004719148732,0.8267306850615995,0.8132919390489163,0.6669001161358823,0.9686039090156556,595303168.0,0.1205907109918796,"{'max_cuda_memory': 7424770560.0, 'max_cpu_memory': 8.0, 'total_cuda_memory': 3093298176.0, 'total_cpu_memory': -8.0, 'total_cpu_time': 193699.59375, 'total_gpu_time': 95780.53125, 'flops': 0.0}"
20251212_181408_340160_q78dfl_673096,PICNN1D_V1,0.0542136617004871,0.2328382737019134,0.0115168094635009,0.9840428563204532,0.7632980277474224,0.7509204608347128,0.5389736224075544,0.9356823563575744,595303168.0,0.1805354201621144,"{'max_cuda_memory': 7424770560.0, 'max_cpu_memory': 8.0, 'total_cuda_memory': 3093298176.0, 'total_cpu_memory': 0.0, 'total_cpu_time': 111441.921875, 'total_gpu_time': 86500.2421875, 'flops': 0.0}"
20251212_182852_562917_idbgle_683414,PICNN1D_V1,0.0531189851462841,0.2304755630132706,0.0118751525878906,0.9766863699053344,0.7626173196697699,0.7444135455183094,0.5434384134910002,0.9369810819625854,595303168.0,0.1820134060017328,"{'max_cuda_memory': 7424770560.0, 'max_cpu_memory': 0.0, 'total_cuda_memory': 3093300224.0, 'total_cpu_memory': -4.0, 'total_cpu_time': 112820.65625, 'total_gpu_time': 86671.859375, 'flops': 0.0}"
20251212_183418_509568_zm9ju3_687564,1DCNN_V1,0.0451203994452953,0.2124156290043068,0.0154948234558105,0.9897760115449774,0.7863218824231731,0.7781994933633724,0.5807661539061469,0.9464703798294068,595303168.0,0.1639725120437111,"{'max_cuda_memory': 7424770560.0, 'max_cpu_memory': 8.0, 'total_cuda_memory': 3093298176.0, 'total_cpu_memory': 0.0, 'total_cpu_time': 184089.234375, 'total_gpu_time': 95828.0390625, 'flops': 0.0}"
20251212_184805_042321_g4hpyc_698574,PICNN1D_V1,0.0476219877600669,0.218224626841397,0.011723518371582,0.9889248130734803,0.789949912742214,0.7811030895757316,0.5887466486509105,0.9435025453567504,595303168.0,0.1742715377122637,"{'max_cuda_memory': 7424770560.0, 'max_cpu_memory': 8.0, 'total_cuda_memory': 3093298176.0, 'total_cpu_memory': 0.0, 'total_cpu_time': 115110.25, 'total_gpu_time': 86733.3046875, 'flops': 0.0}"
20251212_185326_283076_idouiz_702424,PICNN1D_V1,0.0348653756082057,0.1867227238667158,0.012047529220581,0.9805788990654072,0.8016082597718274,0.7857318066502377,0.6190929726652442,0.9586366415023804,595303168.0,0.1474898922515984,"{'max_cuda_memory': 7424770560.0, 'max_cpu_memory': 8.0, 'total_cuda_memory': 3093299712.0, 'total_cpu_memory': 0.0, 'total_cpu_time': 116336.921875, 'total_gpu_time': 86763.2578125, 'flops': 0.0}"
20251215_073014_635745_328lul_864646,1DCNN_V1,0.0291992500424385,0.1708778804949268,0.0155766010284423,0.9848637118140692,0.822491392212045,0.8098505906537892,0.6576235859823459,0.9653587937355042,595303168.0,0.1270232300496532,"{'max_cuda_memory': 7424770560.0, 'max_cpu_memory': 8.0, 'total_cuda_memory': 3093300736.0, 'total_cpu_memory': 0.0, 'total_cpu_time': 185073.734375, 'total_gpu_time': 95922.421875, 'flops': 0.0}"
20251215_075107_374971_3gp81u_871819,PICNN1D_V1,0.0371347554028034,0.192703802253104,0.012202501296997,0.9874415598596262,0.8300180766252546,0.8194617735948168,0.670592456280947,0.9559443593025208,595303168.0,0.1558003213336952,"{'max_cuda_memory': 7424770560.0, 'max_cpu_memory': 8.0, 'total_cuda_memory': 3093297664.0, 'total_cpu_memory': 0.0, 'total_cpu_time': 116367.5078125, 'total_gpu_time': 86802.0703125, 'flops': 0.0}"
20251215_081721_482714_uf7cqw_880696,PICNN1D_V1,0.0379997789859771,0.1949353200063476,0.0120656490325927,0.9786889701934076,0.8226267320072735,0.8047139697922848,0.6631662262295357,0.954918086528778,595303168.0,0.1595820741275911,"{'max_cuda_memory': 7424770560.0, 'max_cpu_memory': 4.0, 'total_cuda_memory': 3093297664.0, 'total_cpu_memory': -12.0, 'total_cpu_time': 114176.59375, 'total_gpu_time': 86931.46875, 'flops': 0.0}"
20251215_111514_786596_0rxkiz_901779,1DCNN_V1,0.0869337394833564,0.294845280585185,0.0151193141937255,0.9431743815651582,0.7749769380133654,0.7282851017674854,0.5966457122726109,0.8968641757965088,595303168.0,0.2751148547564229,"{'max_cuda_memory': 7424770560.0, 'max_cpu_memory': 8.0, 'total_cuda_memory': 3093298176.0, 'total_cpu_memory': 0.0, 'total_cpu_time': 184239.828125, 'total_gpu_time': 95911.0546875, 'flops': 0.0}"
20251215_113806_842911_8t4vbe_912715,PICNN1D_V1,0.030655900016427,0.1750882635028031,0.0119345188140869,0.9751669008791706,0.832039344566537,0.8108510582358354,0.6852669754637756,0.9636306762695312,595303168.0,0.1432719918008622,"{'max_cuda_memory': 7424770560.0, 'max_cpu_memory': 8.0, 'total_cuda_memory': 3093297664.0, 'total_cpu_memory': 0.0, 'total_cpu_time': 115989.8046875, 'total_gpu_time': 86928.265625, 'flops': 0.0}"
20251215_115233_609322_xxy6y3_919086,1DCNN_V1,0.044621292501688,0.2112375262629441,0.0156002044677734,0.988452376170561,0.7845945564943294,0.7754285076128214,0.5783551618701667,0.9470624923706056,595303168.0,0.163580863020593,"{'max_cuda_memory': 7424770560.0, 'max_cpu_memory': 8.0, 'total_cuda_memory': 3093298176.0, 'total_cpu_memory': -8.0, 'total_cpu_time': 184748.65625, 'total_gpu_time': 95702.9296875, 'flops': 0.0}"
20251215_120157_234473_jz4oq6_923087,PICNN1D_V1,0.0316100008785724,0.1777920157897211,0.0117628574371337,0.9698551396509274,0.8258062538605826,0.8001386946754264,0.6772800669063213,0.9624987244606018,595303168.0,0.1475271430034778,"{'max_cuda_memory': 7424770560.0, 'max_cpu_memory': 8.0, 'total_cuda_memory': 3093297664.0, 'total_cpu_memory': 0.0, 'total_cpu_time': 115369.359375, 'total_gpu_time': 86235.84375, 'flops': 0.0}"
20251215_124323_462508_wjscae_944997,PICNN1D_V1,0.0363248996436595,0.19059092224883,0.0117523670196533,0.978781920486462,0.8089872581406323,0.7914499951309767,0.6355117792909204,0.9569051265716552,595303168.0,0.1524599927852916,"{'max_cuda_memory': 7424770560.0, 'max_cpu_memory': 8.0, 'total_cuda_memory': 3093297664.0, 'total_cpu_memory': 0.0, 'total_cpu_time': 113970.828125, 'total_gpu_time': 86525.0625, 'flops': 0.0}"
20251215_133449_629167_voohpp_973349,PICNN1D_V1,0.2333119213581085,0.4830237275311727,0.0115809440612792,0.9178149024696212,0.474408002098537,0.4319274672796431,-0.0087034609840319,0.7232050895690918,595303168.0,0.4498227412733014,"{'max_cuda_memory': 7424770560.0, 'max_cpu_memory': 8.0, 'total_cuda_memory': 3093297664.0, 'total_cpu_memory': -16.0, 'total_cpu_time': 112990.8125, 'total_gpu_time': 86228.6015625, 'flops': 0.0}"
20251215_134642_396850_xzzxs8_980732,PICNN1D_V1,0.0493665114045143,0.2221857587797073,0.0117864608764648,0.9947613591855988,0.763672228534177,0.7596505559307105,0.5313661296718206,0.9414328932762146,595303168.0,0.1709912238960759,"{'max_cuda_memory': 7424770560.0, 'max_cpu_memory': 8.0, 'total_cuda_memory': 3093298688.0, 'total_cpu_memory': -8.0, 'total_cpu_time': 114992.234375, 'total_gpu_time': 86178.328125, 'flops': 0.0}"
20251215_135541_571934_jqkwy0_986774,PICNN1D_V1,0.0430082380771636,0.2073842763498807,0.0119953155517578,0.9864448093496684,0.7991429338370649,0.7881615441816535,0.6092672573295412,0.9489762187004088,595303168.0,0.1645735659799475,"{'max_cuda_memory': 7424770560.0, 'max_cpu_memory': 0.0, 'total_cuda_memory': 3093298176.0, 'total_cpu_memory': -4.0, 'total_cpu_time': 116744.7421875, 'total_gpu_time': 86724.90625, 'flops': 0.0}"
20251215_140056_963711_0f58rb_990639,PICNN1D_V1,0.0418951660394668,0.2046830868427258,0.0113673210144042,0.9910977980641108,0.790323110317819,0.7832242993463974,0.5877450316070595,0.9502967000007628,595303168.0,0.1587063474223778,"{'max_cuda_memory': 7424770560.0, 'max_cpu_memory': 8.0, 'total_cuda_memory': 3093300224.0, 'total_cpu_memory': -8.0, 'total_cpu_time': 112165.9765625, 'total_gpu_time': 86462.75, 'flops': 0.0}"
20251215_141128_284049_zklcxe_998262,PICNN1D_V1,0.032643474638462,0.1806750526178477,0.0120339393615722,0.9711080834998148,0.8300855378768166,0.8053892528228237,0.6848673608076262,0.961272656917572,595303168.0,0.1506993357852898,"{'max_cuda_memory': 7424770560.0, 'max_cpu_memory': 8.0, 'total_cuda_memory': 3093297664.0, 'total_cpu_memory': 0.0, 'total_cpu_time': 115882.140625, 'total_gpu_time': 86677.6953125, 'flops': 0.0}"
20251215_141128_277065_6l9twf_998265,PICNN1D_V1,0.0332124307751655,0.1822427797614093,0.0121371746063232,0.978379631328106,0.8238309898107248,0.8056258584356359,0.6658671109965385,0.9605976939201356,595303168.0,0.148225809029327,"{'max_cuda_memory': 7424770560.0, 'max_cpu_memory': 8.0, 'total_cuda_memory': 3093297664.0, 'total_cpu_memory': -8.0, 'total_cpu_time': 114885.8515625, 'total_gpu_time': 86502.375, 'flops': 0.0}"
20251215_141726_531703_ilua16_1002972,PICNN1D_V1,0.0316778980195522,0.1779828587801427,0.011941909790039,0.9864777262241198,0.8322912677441232,0.8208825252205707,0.6759912780117987,0.9624181985855104,595303168.0,0.1452473350763015,"{'max_cuda_memory': 7424770560.0, 'max_cpu_memory': 8.0, 'total_cuda_memory': 3093300736.0, 'total_cpu_memory': 0.0, 'total_cpu_time': 113889.546875, 'total_gpu_time': 47346.3125, 'flops': 0.0}"
20251215_141727_809444_88d3tb_1002986,PICNN1D_V1,0.03581552952528,0.1892499128805083,0.0118484497070312,0.9906459160816912,0.8082465881133661,0.8006147932518854,0.6241249710882131,0.9575093984603882,595303168.0,0.1491975399741356,"{'max_cuda_memory': 7424770560.0, 'max_cpu_memory': 0.0, 'total_cuda_memory': 3093298688.0, 'total_cpu_memory': -4.0, 'total_cpu_time': 117700.5, 'total_gpu_time': 47323.1171875, 'flops': 0.0}"
20251215_142555_778294_nf8btb_1009380,1DCNN_V1,0.0332273542881011,0.1822837192074519,0.0153970718383789,0.9762172319402728,0.834129158170837,0.8138079636133471,0.6885795108991637,0.9605799913406372,595303168.0,0.150560580244925,"{'max_cuda_memory': 7424770560.0, 'max_cpu_memory': 8.0, 'total_cuda_memory': 3093297664.0, 'total_cpu_memory': 0.0, 'total_cpu_time': 179097.65625, 'total_gpu_time': 95779.8828125, 'flops': 0.0}"
20251215_142555_778306_1at02r_1009382,1DCNN_V1,0.0366508886218071,0.1914442180422461,0.0157840251922607,0.9853856327848588,0.8122565662364106,0.80020989604259,0.6365598026666419,0.9565184116363524,595303168.0,0.1542226516284199,"{'max_cuda_memory': 7424770560.0, 'max_cpu_memory': 8.0, 'total_cuda_memory': 3093301760.0, 'total_cpu_memory': -8.0, 'total_cpu_time': 193020.8125, 'total_gpu_time': 56408.6796875, 'flops': 0.0}"
20251215_144414_416654_gfr9h1_1021121,PICNN1D_V1,0.0859539881348609,0.2931791058975059,0.0113203525543212,0.9966818122958012,0.7497209997568931,0.7472250025667341,0.5019379967039453,0.8980265259742737,595303168.0,0.2452521541502798,"{'max_cuda_memory': 7424770560.0, 'max_cpu_memory': 8.0, 'total_cuda_memory': 3093298688.0, 'total_cpu_memory': 0.0, 'total_cpu_time': 111298.4375, 'total_gpu_time': 0.0, 'flops': 0.0}"
20251215_144414_402760_zcwieu_1021124,PICNN1D_V1,0.0750865265727043,0.2740192084009884,0.0118560791015625,0.9969083876981376,0.747100820849416,0.7447839117763537,0.4965185507718941,0.9109193682670592,595303168.0,0.2263286962689586,"{'max_cuda_memory': 7424770560.0, 'max_cpu_memory': 0.0, 'total_cuda_memory': 3093298688.0, 'total_cpu_memory': -4.0, 'total_cpu_time': 118434.71875, 'total_gpu_time': 0.0, 'flops': 0.0}"
20251215_151607_200152_nnbxrk_1044243,PICNN1D_V1,0.8398783206939697,0.9164487550834306,0.0118992328643798,0.6096596308176769,0.2305362397969423,0.0829332226321819,-0.3913245032413548,0.0035911202430725,595303168.0,0.8742910987568431,"{'max_cuda_memory': 7424770560.0, 'max_cpu_memory': 8.0, 'total_cuda_memory': 3093298688.0, 'total_cpu_memory': 0.0, 'total_cpu_time': 117900.90625, 'total_gpu_time': 86234.6640625, 'flops': 0.0}"
20251215_160430_571376_bse13f_1072930,PICNN1D_V1,0.0338644012808799,0.1840228281515094,0.0118727684020996,0.9890501364600208,0.8162948105359901,0.8072575368384663,0.6416268947695037,0.9598242044448853,595303168.0,0.1433492799889352,"{'max_cuda_memory': 7424770560.0, 'max_cpu_memory': 8.0, 'total_cuda_memory': 3093298688.0, 'total_cpu_memory': -8.0, 'total_cpu_time': 118977.3671875, 'total_gpu_time': 46750.6640625, 'flops': 0.0}"
20251215_163052_305452_wfxpjk_1087647,PICNN1D_V1,0.0339746624231338,0.1843221701888675,0.0118031501770019,0.9834717050462438,0.8202717759562759,0.8064862305402954,0.6543290973285322,0.9596933722496032,595303168.0,0.1472804373215485,"{'max_cuda_memory': 7424770560.0, 'max_cpu_memory': 8.0, 'total_cuda_memory': 3093298688.0, 'total_cpu_memory': 0.0, 'total_cpu_time': 112825.7578125, 'total_gpu_time': 47337.8125, 'flops': 0.0}"
20251215_164756_203623_x2n2a4_1098906,PICNN1D_V1,0.0413899011909961,0.2034450815109477,0.0118937492370605,0.9671680641354122,0.7728365874146682,0.746601518027335,0.5719082442166697,0.950896143913269,595303168.0,0.1600027802810655,"{'max_cuda_memory': 7424770560.0, 'max_cpu_memory': 8.0, 'total_cuda_memory': 3093298688.0, 'total_cpu_memory': -8.0, 'total_cpu_time': 114483.6171875, 'total_gpu_time': 47367.13671875, 'flops': 0.0}"
20251215_172305_094255_fevw74_1117919,1DCNN_V1,0.0376207381486892,0.1939606613431942,0.015430212020874,0.9922523538102878,0.7903493645466851,0.784178205345845,0.5868698882942105,0.9553678035736084,595303168.0,0.1465316060534361,"{'max_cuda_memory': 7424770560.0, 'max_cpu_memory': 0.0, 'total_cuda_memory': 3093299200.0, 'total_cpu_memory': -4.0, 'total_cpu_time': 181628.65625, 'total_gpu_time': 56362.5078125, 'flops': 0.0}"
20251215_174149_403600_ovwjwk_1129900,PICNN1D_V1,0.0395338386297225,0.1988311812310197,0.0114209651947021,0.9542136426958832,0.7853593295381631,0.7476751660915332,0.6084028225229562,0.9530981183052064,595303168.0,0.1599339594000032,"{'max_cuda_memory': 7424770560.0, 'max_cpu_memory': 8.0, 'total_cuda_memory': 3093298688.0, 'total_cpu_memory': 0.0, 'total_cpu_time': 111276.625, 'total_gpu_time': 47357.78125, 'flops': 0.0}"
20251215_213650_859012_5p3ttu_1168757,PICNN1D_V1,0.0325810201466083,0.180502133357499,0.0118052959442138,0.9799567773886884,0.8070089757289337,0.7905030839150482,0.6305238432717529,0.9613467454910278,595303168.0,0.1397876912178035,"{'max_cuda_memory': 7424770560.0, 'max_cpu_memory': 8.0, 'total_cuda_memory': 3093298688.0, 'total_cpu_memory': 0.0, 'total_cpu_time': 118808.2890625, 'total_gpu_time': 47330.30078125, 'flops': 0.0}"
20251215_214608_525712_usgdq4_1175711,1DCNN_V1,0.0418819636106491,0.2046508333983742,0.0154621601104736,0.967535007531004,0.7770857046673794,0.7510111116517022,0.5802460023504359,0.9503123760223388,595303168.0,0.1629709992294683,"{'max_cuda_memory': 7424770560.0, 'max_cpu_memory': 8.0, 'total_cuda_memory': 3093299200.0, 'total_cpu_memory': 0.0, 'total_cpu_time': 181138.21875, 'total_gpu_time': 56298.9765625, 'flops': 0.0}"
20251215_215528_682447_cd3kz9_1182393,1DCNN_V1,0.0341680459678173,0.184846006091063,0.0159204006195068,0.981002576941744,0.8055127704584701,0.789913762628202,0.6266245487472083,0.9594639539718628,595303168.0,0.1438380772339952,"{'max_cuda_memory': 7424770560.0, 'max_cpu_memory': 8.0, 'total_cuda_memory': 3093299200.0, 'total_cpu_memory': 0.0, 'total_cpu_time': 186923.3125, 'total_gpu_time': 56303.08203125, 'flops': 0.0}"
20251216_142511_582458_xd43z4_1291540,PICNN1D_V1,0.0366388969123363,0.1914128964107077,0.0118870735168457,0.9743263242625352,0.8182128428771629,0.796652785749324,0.6579857428821648,0.9565325975418092,595303168.0,0.1568650953711033,"{'max_cuda_memory': 7424770560.0, 'max_cpu_memory': 8.0, 'total_cuda_memory': 3093300736.0, 'total_cpu_memory': 0.0, 'total_cpu_time': 118111.25, 'total_gpu_time': 47332.34375, 'flops': 0.0}"
20251216_143700_049282_st60im_1301753,PICNN1D_V1,0.0701008141040802,0.2647655833073479,0.011427879333496,0.9939574334060453,0.811325973349415,0.8063936784053858,0.6275842416428594,0.91683429479599,595303168.0,0.2245038157661299,"{'max_cuda_memory': 7424770560.0, 'max_cpu_memory': 8.0, 'total_cuda_memory': 3093299200.0, 'total_cpu_memory': -8.0, 'total_cpu_time': 111520.2578125, 'total_gpu_time': 21428.490234375, 'flops': 0.0}"
20251216_145031_747984_gyd58n_1318865,PICNN1D_V1,0.0540495701134204,0.2324856342086979,0.0118601322174072,0.989778404181226,0.839667134455847,0.8309957611116128,0.6880056422559281,0.9358770847320556,595303168.0,0.1970415920504937,"{'max_cuda_memory': 7424770560.0, 'max_cpu_memory': 8.0, 'total_cuda_memory': 3093301760.0, 'total_cpu_memory': 0.0, 'total_cpu_time': 114341.6328125, 'total_gpu_time': 47315.33203125, 'flops': 0.0}"
20251216_150233_514677_fp2j6g_1326848,PICNN1D_V1,0.0370518825948238,0.1924886557561869,0.0119376182556152,0.9765158039424556,0.8026573704797016,0.7833542901001759,0.6246178213389291,0.9560426473617554,595303168.0,0.1519601957544191,"{'max_cuda_memory': 7424770560.0, 'max_cpu_memory': 8.0, 'total_cuda_memory': 3093298688.0, 'total_cpu_memory': 0.0, 'total_cpu_time': 115626.53125, 'total_gpu_time': 47408.15625, 'flops': 0.0}"
20251216_152326_767958_5jet6u_1339217,PICNN1D_V1,0.0377465188503265,0.1942846335928977,0.0152504444122314,0.9550619410022304,0.7882472009258967,0.7511581937114924,0.6135834090661978,0.9552185535430908,595303168.0,0.1562686432206627,"{'max_cuda_memory': 7424770560.0, 'max_cpu_memory': 8.0, 'total_cuda_memory': 3093299200.0, 'total_cpu_memory': 0.0, 'total_cpu_time': 142445.25, 'total_gpu_time': 49666.5546875, 'flops': 0.0}"
20251216_154559_028064_xwtcpz_1354399,PICNN1D_V1,0.1437837481498718,0.3791882753328112,0.0118937492370605,0.7832884581112471,0.6701065823149359,0.4847089434509055,0.5256108034939024,0.8294188380241394,595303168.0,0.3602409709987562,"{'max_cuda_memory': 7424770560.0, 'max_cpu_memory': 8.0, 'total_cuda_memory': 3093298688.0, 'total_cpu_memory': 0.0, 'total_cpu_time': 117987.328125, 'total_gpu_time': 47357.796875, 'flops': 0.0}"
20251216_155437_482126_2m9eup_1362757,PICNN1D_V1,0.0299911201000213,0.1731794447964924,0.0116105079650878,0.9778413244242192,0.8222301633834135,0.80359776262068,0.6630927275295604,0.9644193649291992,595303168.0,0.1361445083957443,"{'max_cuda_memory': 7424770560.0, 'max_cpu_memory': 0.0, 'total_cuda_memory': 3093298688.0, 'total_cpu_memory': -4.0, 'total_cpu_time': 117524.4140625, 'total_gpu_time': 47324.6640625, 'flops': 0.0}"
20251216_161132_157239_4ng5id_1373770,PICNN1D_V1,0.0408056788146495,0.2020041554390641,0.015477180480957,0.9720985986547004,0.7809552594968753,0.7585400989791047,0.584325679511521,0.9515892267227172,595303168.0,0.1594586181068253,"{'max_cuda_memory': 7424770560.0, 'max_cpu_memory': 8.0, 'total_cuda_memory': 3093299200.0, 'total_cpu_memory': -16.0, 'total_cpu_time': 150423.078125, 'total_gpu_time': 49721.38671875, 'flops': 0.0}"
20251216_162546_856008_ifp29n_1390717,PICNN1D_V1,0.0312047768384218,0.1766487385701404,0.0115149021148681,0.9880890942334712,0.8113258695496157,0.8015457535311818,0.6324318551176653,0.96297949552536,595303168.0,0.1349310826736403,"{'max_cuda_memory': 7424770560.0, 'max_cpu_memory': 8.0, 'total_cuda_memory': 3093298688.0, 'total_cpu_memory': -8.0, 'total_cpu_time': 113853.6796875, 'total_gpu_time': 47341.96484375, 'flops': 0.0}"
20251216_164024_011065_3l3jwe_1400541,1DCNN_V1,0.0417162999510765,0.2042456852691789,0.0158312320709228,0.959348095077274,0.7776288241221115,0.7446771841641078,0.588209288202227,0.9505088925361632,595303168.0,0.1644553408620699,"{'max_cuda_memory': 7424770560.0, 'max_cpu_memory': 8.0, 'total_cuda_memory': 3093299200.0, 'total_cpu_memory': -8.0, 'total_cpu_time': 184476.671875, 'total_gpu_time': 56425.2265625, 'flops': 0.0}"
20251217_162625_049505_tx9mlf_2487587,HDL_FM_V1,0.0314740100752954,0.1774091600659206,1.2810297012329102,0.9614933017333744,0.8121476712069692,0.7536441580665121,0.6827988555543955,0.9499442640103792,2308641480.0,0.1370781235304123,"{'max_cuda_memory': 11861465088.0, 'max_cpu_memory': 618248896.0, 'total_cuda_memory': 1479860736.0, 'total_cpu_memory': -1596.0, 'total_cpu_time': 1680981.0, 'total_gpu_time': 1083255.25, 'flops': 0.0}"
20251217_163010_124356_bp0j20_2490453,HDL_FM_V1,0.0027206843430911,0.0521601796688926,1.542541265487671,0.9923539532873964,0.9577329580888584,0.9288938806082944,0.9443049936582806,0.9935489160225804,2308641480.0,0.0431860148790308,"{'max_cuda_memory': 11861458944.0, 'max_cpu_memory': 618248896.0, 'total_cuda_memory': 1545254912.0, 'total_cpu_memory': -1608.0, 'total_cpu_time': 2455805.0, 'total_gpu_time': 1084951.5, 'flops': 0.0}"
20251218_152829_263963_dpwjpz_3639865,USSR_CNN1D_COMBINED,0.0287921394508584,0.1696824665392933,8.775177955627441,0.9704404619534918,0.8522364815010184,0.8123320118627689,0.7443774326402863,0.928710807534985,1150025728.0,0.1372680710288246,"{'max_cuda_memory': 727416832.0, 'max_cpu_memory': 0, 'total_cpu_time': 1090911.625, 'total_gpu_time': 52410.86328125, 'total_cpu_memory': 0, 'total_gpu_memory': 0}"
20251220_132658_535017_9980ac_415636,HDL_FM_V1,0.0015649748832067,0.0395597634371934,1.7707390785217283,0.9932275496601608,0.9623895871292778,0.9336593442598564,0.9535094171279768,0.9972656472284992,2308641480.0,0.0881990205664607,"{'max_cuda_memory': 11242513408.0, 'max_cpu_memory': 615924672.0, 'total_cuda_memory': 1522014208.0, 'total_cpu_memory': -1904.0, 'total_cpu_time': 2928001.5, 'total_gpu_time': 1104045.25, 'flops': 0.0}"
20251220_223053_686019_52cpt5_1181847,1DCNN_V1,0.0391367897391319,0.1978302043145382,0.0208008289337158,0.9780884547470556,0.7981641895915422,0.780283382723172,0.6142091860514548,0.9535691738128662,595303168.0,0.3678429722785949,"{'max_cuda_memory': 6806110720.0, 'max_cpu_memory': 4.0, 'total_cuda_memory': 3093298176.0, 'total_cpu_memory': -12.0, 'total_cpu_time': 228755.671875, 'total_gpu_time': 51914.8671875, 'flops': 0.0}"
20251220_225502_990888_jy25ke_1196243,PICNN1D_V1,0.0325426384806633,0.1803957828793769,0.0116267204284667,0.983728333409946,0.8210488109101586,0.8074679959111837,0.655678436819292,0.9613922834396362,595303168.0,0.3311910331249237,"{'max_cuda_memory': 6806110720.0, 'max_cpu_memory': 8.0, 'total_cuda_memory': 3093301248.0, 'total_cpu_memory': 0.0, 'total_cpu_time': 121616.6015625, 'total_gpu_time': 42437.7421875, 'flops': 0.0}"
20251220_232201_112567_u2963n_1214031,USSR_CNN1D_COMBINED,0.0287921394508584,0.1696824665392933,7.419026851654053,0.9704404619534918,0.8522364815010184,0.8123320118627689,0.7443774326402863,0.928710807534985,1150025728.0,0.4021989172114465,"{'max_cuda_memory': 727416832.0, 'max_cpu_memory': 0, 'total_cpu_time': 789397.875, 'total_gpu_time': 59027.765625, 'total_cpu_memory': 0, 'total_gpu_memory': 0}"
20251221_132324_614645_apcj2r_3255388,USSR_CNN1D_COMBINED,0.0323968779915397,0.1799913275453563,7.396959781646728,0.9686048129249898,0.8424551990910893,0.7893293511024672,0.7380362461708008,0.9308986191014598,1150025728.0,0.3817748016208634,"{'max_cuda_memory': 727416832.0, 'max_cpu_memory': 0, 'total_cpu_time': 318424.75, 'total_gpu_time': 38696.3125, 'total_cpu_memory': 0, 'total_gpu_memory': 0}"
20251222_142303_830308_llvuid_2137156,USSR_CNN1D_COMBINED,0.0384026515416632,0.1959659448518116,45.96659326553345,0.968682813872,0.8410385618728262,0.7761923846747698,0.7469233009437088,0.932044103629607,1150025728.0,0.4240971436177878,"{'max_cuda_memory': 727416832.0, 'max_cpu_memory': 0, 'total_cpu_time': 654029.3125, 'total_gpu_time': 40003.375, 'total_cpu_memory': 0, 'total_gpu_memory': 0}"
20251222_152747_044998_b1qb1i_2505294,USSR_CNN1D_COMBINED,0.0383563242148944,0.1958477066878609,7.283080339431763,0.9686153653092444,0.8404291132979582,0.7734546764613814,0.7478326634324932,0.932839741608254,1150025728.0,0.4224023398824204,"{'max_cuda_memory': 727416832.0, 'max_cpu_memory': 0, 'total_cpu_time': 594800.8125, 'total_gpu_time': 57113.8125, 'total_cpu_memory': 0, 'total_gpu_memory': 0}"
20251223_123256_914286_muiedf_727052,USSR_CNN1D_COMBINED,0.03137147151234847,0.17711993538940915,7.192909240722656,0.9667746632996862,0.8364408325169784,0.794325775816332,0.7149967217346034,0.9315773486194754,1150025728.0,0.37243054174166873,"{'max_cuda_memory': 727416832.0, 'max_cpu_memory': 0, 'total_cpu_time': 305967.4375, 'total_gpu_time': 56910.1875, 'total_cpu_memory': 0, 'total_gpu_memory': 0}"
